-4.508292267131827624e-01,-4.663972474585847405e-01,-5.196646460213839580e-01,-5.216229606533753227e-01,-5.204678578114778631e-01,-5.048682228488273749e-01,-4.950657872894666522e-01,-5.086992186147129003e-01,-5.081722470650128498e-01,-5.200935631656465885e-01,-5.144439380641241399e-01,-5.039611540007008506e-01,-4.763324427496915536e-01,-4.646400194842186804e-01,-4.606643465775594470e-01,-4.447176964452488335e-01,-4.322078613438543604e-01,-4.120034482439828838e-01,-4.041742038287889915e-01,-3.974458198143307475e-01,-3.878372231934553716e-01,-3.777470477003770366e-01,-3.409920086281452156e-01,-3.246927172987547072e-01,-3.125648628353531189e-01,-2.876646975934377681e-01,-2.688235517500317528e-01,-1.254054269177095060e-01,-1.017217425889872517e-01,-1.048363280648907381e-01,-6.752262469087830232e-02,-4.212082991507123259e-02,1.017475485060173254e-02,-1.286943432129136235e-02,-3.929945572552009242e-02,-2.280237124515531108e-02,-3.815823128361772731e-02,-2.651879568955079619e-02,-5.884715535869563391e-02,-8.912321691970942483e-02,-1.011390876645163472e-01,-1.294126173747099651e-01,-2.015061450780174235e-01,-2.430584801815932061e-01,-2.314029958333253811e-01,-2.339634928383492185e-01,-2.519255657299016571e-01,-2.949099287942303360e-01,-3.096895006421547802e-01,-3.279039352800666163e-01,-3.358974515897523161e-01,-3.254895934433569282e-01,-3.338152803820326198e-01,-3.312792437758008135e-01,-3.110863596788592256e-01,-3.026056121618097561e-01,-2.992075023599801153e-01,-3.256760563659062968e-01,-3.192596883213500436e-01
-4.367794496114389413e-01,-4.393135819402702036e-01,-4.899637266051584117e-01,-4.982601535663624959e-01,-4.957273985597590027e-01,-4.774248963870059148e-01,-4.760110645832742460e-01,-4.849584842060524204e-01,-4.843624919605673540e-01,-5.104088968196747178e-01,-4.938204074506053476e-01,-4.903268118001444797e-01,-4.585667353319367590e-01,-4.479594237588776506e-01,-4.348215783516325428e-01,-4.271733973005807372e-01,-4.329885879590010256e-01,-3.817144030337278893e-01,-3.740652464999726923e-01,-3.775616147255333455e-01,-3.663575845814636689e-01,-3.585998941890439218e-01,-3.185439978795441829e-01,-2.992292952025302766e-01,-2.836156554092185700e-01,-2.707306364445230540e-01,-2.559410223952583441e-01,-1.278803331997901693e-01,-1.027157251673053717e-01,-8.831497281085845530e-02,-5.995064639937231626e-02,-4.046417012783889294e-02,2.800114566961860521e-02,2.867046525761244094e-02,-1.199998445335600725e-02,-1.074652456900216345e-02,-3.551201599530579012e-02,-1.569560288736029235e-02,-6.790455916249832358e-02,-9.654053859462724541e-02,-1.106764454536575404e-01,-1.351228253169220461e-01,-1.987543646620499871e-01,-2.205957798312080942e-01,-2.280197517866883739e-01,-2.353194687611831482e-01,-2.606759827341646463e-01,-2.634732097395429684e-01,-3.127009968710463550e-01,-3.305443096480035758e-01,-3.327236328888653616e-01,-3.309198539941859973e-01,-3.465291708893229461e-01,-3.370777512138386500e-01,-3.233085713578851550e-01,-3.008223239934731397e-01,-2.915010982240394122e-01,-3.227416680756571843e-01,-3.036561459970457122e-01
-4.339043629975539162e-01,-4.393219039706589557e-01,-4.863452590890275928e-01,-4.989913441701712693e-01,-4.927760511081805683e-01,-4.758204575892771571e-01,-4.670059459027605109e-01,-4.815734111525303840e-01,-4.813728174005260652e-01,-5.123071556088329981e-01,-4.984633604256258343e-01,-4.916373080705888077e-01,-4.617323344244270711e-01,-4.410545346259591715e-01,-4.254915925556851386e-01,-4.226685583959088888e-01,-4.254050663602660376e-01,-3.738388179058433347e-01,-3.649698426802854279e-01,-3.684483514709171459e-01,-3.583817381282490833e-01,-3.498098392391422728e-01,-3.007813239391851634e-01,-2.927627738912714217e-01,-2.843513070985382862e-01,-2.749061795757613003e-01,-2.625312840060777808e-01,-1.387434190843445103e-01,-1.096616561939553758e-01,-6.232160846002124388e-02,-4.900495403332703198e-02,-4.648163209116037975e-02,6.440654848805436872e-02,5.521422349622872455e-02,2.055352082288443294e-02,-2.824674259152317336e-03,-5.269110687429929413e-02,-3.785424664080421636e-02,-6.024471100832292508e-02,-6.939220923481108361e-02,-1.058957295743482158e-01,-1.074691528256161016e-01,-1.594913022874608621e-01,-1.982253383121748980e-01,-2.280393018247414971e-01,-2.661054139722873746e-01,-2.778624729143138183e-01,-2.953852261007196001e-01,-3.253620247303407043e-01,-3.421838922139384120e-01,-3.409324157800089350e-01,-3.240279086352998439e-01,-3.512321138601019466e-01,-3.457136956151941609e-01,-3.358109321948601345e-01,-2.981942681091245273e-01,-3.042682731289120257e-01,-3.220373420015086863e-01,-3.040224485546866307e-01
-4.678141501781027944e-01,-4.771912551639477251e-01,-5.396183864062118474e-01,-5.563031399332896143e-01,-5.334025389995579181e-01,-5.133002492414993068e-01,-4.892081659429052820e-01,-4.937632893840711579e-01,-4.995780347661704646e-01,-5.113905236512570340e-01,-5.032975574464616519e-01,-4.859841721600602349e-01,-4.152086401208443522e-01,-3.951263519433222404e-01,-3.836629771872346328e-01,-3.650299723945892860e-01,-3.621928252365436141e-01,-3.328102548493107049e-01,-3.220422083387312062e-01,-3.189522382940525036e-01,-3.074864343073366868e-01,-3.002242079152234178e-01,-2.546778362164912046e-01,-2.428475737139710877e-01,-2.207337058709859523e-01,-2.030383074346361616e-01,-2.116701988094572273e-01,-1.398532308637054355e-01,-1.063463865903865463e-01,-1.520948523555001528e-02,1.204663464007012198e-03,-1.551021244551528504e-02,5.714707468973911908e-02,4.294381999265824840e-02,-5.275228232503730540e-03,-3.220341300617800967e-02,-3.408308583433013877e-02,-7.052934934168672565e-02,-1.128354359627126158e-01,-1.082304965082997034e-01,-1.439255611772250754e-01,-1.270193716425712382e-01,-1.482841260304657016e-01,-1.998037488432836128e-01,-2.454949806704839199e-01,-2.746989111260484395e-01,-2.870884397258706144e-01,-2.853640766602619783e-01,-3.206566750755247552e-01,-3.346173417569545117e-01,-3.358857825016371978e-01,-3.172766163317662924e-01,-3.325717291900010530e-01,-3.339561513116752201e-01,-3.243539497782553238e-01,-2.922111387465773924e-01,-2.963456584886733358e-01,-3.184035823281806676e-01,-2.965870770920027155e-01
-4.689985456339456071e-01,-4.774422157582130510e-01,-5.282903518285256839e-01,-5.429433944690162939e-01,-5.224215268139409396e-01,-4.937922446672179944e-01,-4.753818752516121848e-01,-4.850943528330374788e-01,-4.777579045396624924e-01,-4.924943861598558570e-01,-4.801678843599404556e-01,-4.578688134979725932e-01,-3.864612592187207651e-01,-3.630356454766965335e-01,-3.501843831470020652e-01,-3.587955775225273869e-01,-3.629841126827163533e-01,-3.220070885521540971e-01,-3.188669626869777840e-01,-3.063704496975429015e-01,-3.056524787893535877e-01,-2.982195615882839435e-01,-2.495201765160392215e-01,-2.341213483882262636e-01,-2.205441791212724156e-01,-2.034688644516956246e-01,-2.016006425155395798e-01,-1.296518085135982545e-01,-7.850035908862269818e-02,-2.047906380089861006e-02,-1.496194787183594346e-02,4.598069581081992187e-03,5.837624526846370981e-02,5.182333145330896701e-02,1.879877172134222438e-02,-8.370926443937731082e-03,-2.586828264546147879e-02,-6.880012561470411070e-02,-1.282312824053132572e-01,-1.332379363861302957e-01,-1.631648112247541249e-01,-1.380077601598324044e-01,-1.668000776448181344e-01,-2.025296226996427251e-01,-2.645115954835071670e-01,-3.012391991494480226e-01,-3.029970321094678232e-01,-3.064495847117744143e-01,-3.206105585851239947e-01,-3.294391916693824029e-01,-3.424251128960651980e-01,-3.312785804717021110e-01,-3.373994354465177925e-01,-3.325904202938828047e-01,-3.215670077324264686e-01,-2.957569912570737758e-01,-2.995777950460810635e-01,-3.243370402230068006e-01,-2.984642406514810831e-01
-4.843848557567384527e-01,-4.951125513926585286e-01,-5.481008319871677470e-01,-5.720269682320568982e-01,-5.739152171100236899e-01,-5.560379082199542466e-01,-5.112835570539684404e-01,-4.998283121054430400e-01,-4.889632477120712806e-01,-5.009608232237173775e-01,-4.964960914562855376e-01,-4.609513430824511704e-01,-3.976482830417326642e-01,-3.679312303023313246e-01,-3.498090070198294765e-01,-3.519280926949735488e-01,-3.543696030167755029e-01,-3.141495175930338335e-01,-3.083166166676016839e-01,-2.973079927855713511e-01,-2.901227640277441733e-01,-2.824977666356300876e-01,-2.323454078117325738e-01,-2.365936908349953738e-01,-2.260014738949769342e-01,-2.169886410901819274e-01,-2.011460747526599702e-01,-1.328613727004950562e-01,-1.104402552090217177e-01,-5.122979228706870530e-02,-1.312127735172304022e-02,7.412159013256804704e-04,9.202317578948325527e-02,6.184064659572519052e-02,6.109855457803733958e-02,1.739235992123936217e-02,-1.621527680476293407e-02,-6.290639707244601031e-02,-1.024751096975720505e-01,-1.311749040832644320e-01,-1.555937337765659623e-01,-1.317526778662982123e-01,-1.820922042453941292e-01,-2.614895781997728652e-01,-3.003001816990125694e-01,-3.281955994300175816e-01,-3.470567493173558615e-01,-3.394872971266469919e-01,-3.416667101912694293e-01,-3.491243544545364896e-01,-3.493391319995246547e-01,-3.508531007609029251e-01,-3.217393612953501902e-01,-3.119883158889364960e-01,-2.911368936366504623e-01,-2.870049846088075785e-01,-2.875678876754836910e-01,-3.180653222671207536e-01,-2.895264286169716983e-01
-4.888728120577860436e-01,-4.955625445605031376e-01,-5.324279335893196130e-01,-5.536548569392819585e-01,-5.458763886714133040e-01,-5.254254308760352155e-01,-5.068887131014064851e-01,-4.634611539925163060e-01,-4.541363577119675865e-01,-4.957338430538478780e-01,-4.802633141428166441e-01,-4.646648578105166960e-01,-3.993639956244984801e-01,-3.641637518464366785e-01,-3.471795003136502467e-01,-3.450296597873591664e-01,-3.496587579521353573e-01,-3.059441996416908949e-01,-2.972491626642887463e-01,-2.909315357709595928e-01,-2.803628401100010104e-01,-2.714440645589200618e-01,-2.145919629726552313e-01,-2.303907200268132949e-01,-2.272582709157369985e-01,-2.062813178974937101e-01,-1.839536897175080288e-01,-1.197975176738694664e-01,-1.122247501264933139e-01,-6.152634581370323985e-02,-3.397975590675642033e-02,-4.437461432767986907e-02,4.780091661837800043e-02,6.144776680351338866e-02,5.941759166284520804e-02,1.056210497467790707e-02,-1.127151005730161852e-02,-4.325803747253641196e-02,-6.495367823277897745e-02,-9.525639434149557605e-02,-1.121542944359161520e-01,-1.303917804939861980e-01,-1.598232714709577895e-01,-2.430007267897614232e-01,-3.124157004424021333e-01,-3.405786952717133054e-01,-3.517086853187325612e-01,-3.430398185325506666e-01,-3.512398986209961382e-01,-3.557861036513193520e-01,-3.559302812162058460e-01,-3.431770850886124991e-01,-3.221471974682759143e-01,-3.117746418875454451e-01,-3.033524714459860938e-01,-2.852104748755502350e-01,-2.865807261461139066e-01,-3.144665759656199433e-01,-2.973352261907939442e-01
-4.861735021403765233e-01,-4.843466085811357624e-01,-5.389098523985290656e-01,-5.368649662373022879e-01,-5.319698466361443279e-01,-5.144452318500327692e-01,-5.043102907908221244e-01,-4.613158441534783161e-01,-4.515741424591699360e-01,-4.639354942565996343e-01,-4.508111115434786376e-01,-4.367880545265522829e-01,-3.885488176770403590e-01,-3.628437838689272388e-01,-3.480202894929502189e-01,-3.456474685353548848e-01,-3.422748207247954255e-01,-3.020202694974281066e-01,-2.896409947447863842e-01,-2.840944574404530854e-01,-2.801824063565832024e-01,-2.714201203600470347e-01,-2.062104882969620634e-01,-2.122177680559565738e-01,-2.084744777650154313e-01,-1.984648127090191394e-01,-1.892277888242709094e-01,-1.226920434670240589e-01,-1.021727937095528449e-01,-6.276960954003216187e-02,-4.561554051308238517e-02,-7.688138067866742698e-02,2.092882780915881688e-02,4.311649700119525586e-02,4.498356646341872961e-02,2.259569014847450860e-02,1.383983200399167141e-02,-5.275245184815710933e-03,-5.620521702263542307e-02,-8.615108756829542580e-02,-1.039914232454290793e-01,-1.106697349632166788e-01,-1.363534195074425359e-01,-2.218305823863070125e-01,-2.886019832455237188e-01,-3.240491623538829802e-01,-3.481171113716287624e-01,-3.261885410135881291e-01,-3.335471145380120017e-01,-3.391659687144103486e-01,-3.420458615503753075e-01,-3.356161653921910237e-01,-3.301391882151304413e-01,-3.240216121147184714e-01,-3.116668735119929590e-01,-2.938091483319961172e-01,-2.886134245276957278e-01,-3.160109784513297493e-01,-3.110654915452890079e-01
-5.562185757386201024e-01,-5.624371688864160390e-01,-5.888848349600849241e-01,-5.797505814677219593e-01,-5.530577955271235302e-01,-5.402490611141500532e-01,-4.991606943862174628e-01,-4.981413967480953220e-01,-4.897399408980423474e-01,-4.731412911947082134e-01,-4.831251651916152468e-01,-4.371777470788653086e-01,-3.902463338237739388e-01,-3.960503179421148712e-01,-3.808358441636305325e-01,-3.770260133607248321e-01,-3.727788093479152964e-01,-3.130009514793302139e-01,-3.032551887684330483e-01,-2.965418937275265954e-01,-2.981382017248739857e-01,-2.900090284042188826e-01,-2.120533237873574450e-01,-2.232147917974169060e-01,-2.144411687981874204e-01,-1.960043623630239595e-01,-1.899353254642382194e-01,-1.191715759264072444e-01,-1.041237509029610403e-01,-6.632991089199560819e-02,-6.856524972423384823e-02,-6.689062291250756631e-02,-4.414399707298084091e-02,-8.183550559547883227e-03,1.731555688524574234e-03,-1.694886469042934662e-02,-4.496521894128176905e-02,-4.402363067392925378e-02,-4.885718743535272940e-02,-7.522355494466326231e-02,-9.836185862065445484e-02,-1.229495636110135848e-01,-1.331700620073253960e-01,-2.045041016007813073e-01,-2.991297825985222425e-01,-3.291404734145726985e-01,-3.273658496898953496e-01,-3.116045695028542006e-01,-3.327990429247828508e-01,-3.488711954388043490e-01,-3.324116739024599587e-01,-3.337053450196814652e-01,-3.195078763526568721e-01,-3.011299706973142309e-01,-2.979225377570011157e-01,-2.814509005236985328e-01,-2.779227002038320293e-01,-3.012071138407239057e-01,-2.894471183907699197e-01
-5.425099825566854772e-01,-5.493325323232751689e-01,-5.698863638844678947e-01,-5.516115883278797094e-01,-5.375956927745983993e-01,-5.283523618671488453e-01,-4.882420610207385825e-01,-4.637466187305226417e-01,-4.548036474183628219e-01,-4.476544039753628801e-01,-4.384800116818864946e-01,-4.291064315146690400e-01,-3.853528862321911608e-01,-3.883394409423970850e-01,-3.751801027300427638e-01,-3.724860546933133620e-01,-3.714062425785136234e-01,-3.141479223114375663e-01,-3.053342721838039897e-01,-2.932039790946132096e-01,-2.933843559234095566e-01,-2.941901055798297748e-01,-2.109659406645238711e-01,-2.135407599590491423e-01,-1.982817079336237909e-01,-1.815416805811996548e-01,-1.834204899629715557e-01,-9.999249068200927182e-02,-9.182327381588860360e-02,-8.541678115671497151e-02,-9.246147970712657871e-02,-6.446443486605978046e-02,-3.261592555508125574e-02,-2.806501890915770805e-02,-3.965677288632601244e-02,-1.723097607314198407e-02,-3.891452022122052212e-02,-3.214766188198380642e-02,-2.807331752508971517e-02,-6.546359832542519852e-02,-9.997603799699129878e-02,-1.205590347109734006e-01,-1.357801857245196087e-01,-2.041892856417086011e-01,-2.593534984868216542e-01,-3.203808105463143985e-01,-3.514263636495534304e-01,-3.429419736910858107e-01,-3.557384941596681283e-01,-3.596216296583663596e-01,-3.317323236692762412e-01,-3.254112340375380774e-01,-3.144309369225020689e-01,-3.059067146313673713e-01,-3.028364119025186429e-01,-2.887640269881471267e-01,-2.831680216899255531e-01,-3.086831311139625056e-01,-2.885904241803639581e-01
-5.403689613816491377e-01,-5.501081566019005997e-01,-5.753602304258809141e-01,-5.745244811612029157e-01,-5.616013795477372561e-01,-5.299876819968148967e-01,-5.053885002434577167e-01,-4.784564683361654525e-01,-4.718359547415781896e-01,-4.687580040187054875e-01,-4.357553205081242109e-01,-4.252694502734522541e-01,-3.862454099524170736e-01,-3.981653292664585897e-01,-3.834303134359606235e-01,-3.754840517642852316e-01,-3.643923369309131632e-01,-3.110909722777770448e-01,-3.059809409458273954e-01,-3.000751518237613213e-01,-2.976097920558311016e-01,-2.975659344792684902e-01,-2.368663434531916023e-01,-2.275987443203397464e-01,-2.159799413019269365e-01,-1.990683028642259988e-01,-1.838792219218487178e-01,-9.611229029185770767e-02,-1.116310598705216178e-01,-1.106157129228968611e-01,-7.743731463986490426e-02,-7.103946342793111823e-02,7.995680930719673007e-03,-1.690815986686125191e-02,-5.701381149650623648e-02,-2.427205329105937628e-02,-3.127480433667614856e-02,-2.710176597927703088e-02,-2.140582929787066685e-02,-6.661987813710920636e-02,-9.269561705326775924e-02,-1.334918955013796871e-01,-1.684062468816871772e-01,-2.538262131711059855e-01,-2.804169990569964632e-01,-3.438566454395939331e-01,-3.714003832207692368e-01,-3.616508468990675684e-01,-3.612001718953753437e-01,-3.687481861653644222e-01,-3.479096757794025718e-01,-3.156271904424594599e-01,-3.046938224796610917e-01,-3.058672637105390724e-01,-3.014133291222568234e-01,-2.808543526697002135e-01,-2.804030038696001537e-01,-3.034779470015689373e-01,-2.939668820905872448e-01
-5.329637444460770812e-01,-5.537719133073915057e-01,-5.848543169603392933e-01,-5.810426659804734939e-01,-5.632326825838336326e-01,-5.438444333651647478e-01,-5.274748579654570113e-01,-5.004509462866825187e-01,-4.760939998914920368e-01,-4.611106543201728414e-01,-4.605927800185888321e-01,-4.440659049220073151e-01,-4.021151394421012548e-01,-3.799692119231984355e-01,-3.706679104546729553e-01,-3.557782890804071507e-01,-3.484819619099697174e-01,-3.084386405380923346e-01,-3.024439523886779946e-01,-3.000029076092090574e-01,-2.996490631741992594e-01,-2.974117486212424222e-01,-2.399329093928505019e-01,-2.440243807815243582e-01,-2.313369139950675335e-01,-2.122691473353451319e-01,-2.170408432957832978e-01,-1.350229422993529937e-01,-1.333252465894886329e-01,-1.241389890337559476e-01,-7.091415187673145992e-02,-5.797265732405530031e-02,1.463793006701818306e-02,-6.333942910341511245e-02,-8.863338895714477361e-02,-7.168587269203850754e-02,-4.891053662390842244e-02,-6.580894902225725880e-03,2.142863303119395962e-03,-4.929710150335606805e-02,-8.395842274076374678e-02,-1.421923389562768925e-01,-2.265720235633422175e-01,-2.655698594770686816e-01,-3.169792983060423230e-01,-3.518536912330297861e-01,-3.760909371101558429e-01,-3.889559941452004344e-01,-3.823943381956195209e-01,-3.923476063760654720e-01,-3.735819844338658657e-01,-3.388221132297441485e-01,-3.040167886505185102e-01,-2.987752912641399861e-01,-3.038543280035094218e-01,-2.879607383379618191e-01,-2.861962935920446816e-01,-3.177412796708752873e-01,-3.079588343042941045e-01
-5.005065291655372839e-01,-5.068976970906472479e-01,-5.329964400777389422e-01,-5.282253743434973670e-01,-5.220215200768152375e-01,-5.076687231879717377e-01,-5.176482024317776709e-01,-5.239619309987506579e-01,-4.917598084283676951e-01,-4.689978846346327668e-01,-4.596538272321124552e-01,-4.423166157192332526e-01,-3.917086075325419969e-01,-3.742218329922197273e-01,-3.678638252273143117e-01,-3.583529607351984003e-01,-3.546186858293978172e-01,-3.070340511838918762e-01,-3.009151843895874201e-01,-3.004707199697402298e-01,-2.953608506968645742e-01,-2.918351475485819746e-01,-2.458039342658673854e-01,-2.374455522426114074e-01,-2.334798230348825443e-01,-2.370473020749136739e-01,-2.335419161873361904e-01,-1.434622874944579685e-01,-1.331012591600973516e-01,-1.443425759654406448e-01,-1.053004866903061304e-01,-7.745722914853743479e-02,-4.352688223305806875e-02,-2.646997427529757668e-02,-6.127331870924303953e-02,-2.919704284561278410e-02,-6.414596268244818211e-02,-3.979772578980873832e-02,-2.009797377399589677e-02,-6.924463635494229607e-02,-1.184320811775834564e-01,-1.964457616036661136e-01,-2.518125846424468794e-01,-2.870976484130286499e-01,-3.467001013815704247e-01,-3.918535975159371798e-01,-4.051416495275557694e-01,-3.801658365803931017e-01,-3.757109361940340064e-01,-3.890377501667530158e-01,-3.731037173223456516e-01,-3.431251360669772543e-01,-3.105003788806340315e-01,-2.997004724251253194e-01,-2.962428431930853034e-01,-2.841004599989652157e-01,-2.862946331323583116e-01,-3.244638632424636238e-01,-3.227670547995702410e-01
-5.119367782919301835e-01,-5.046064851229750126e-01,-5.253648359845084492e-01,-5.198862995268223042e-01,-5.318473902068036052e-01,-5.185596481494052501e-01,-5.509391457127703617e-01,-5.297337034252925791e-01,-4.942367986952345693e-01,-4.930078736222157643e-01,-4.837960686091299367e-01,-4.655012063175190673e-01,-4.291754979639058609e-01,-4.161613014285401313e-01,-4.139581189126101401e-01,-4.055072976994741341e-01,-4.108415421439975956e-01,-3.630196932518315323e-01,-3.598366925870598032e-01,-3.622511873170236041e-01,-3.630020828840138103e-01,-3.534620132872685061e-01,-2.938324924704621144e-01,-2.941734010986437053e-01,-2.926734479265754030e-01,-3.002944233459992618e-01,-3.076092407173581234e-01,-2.174435954897737111e-01,-2.013679022180633049e-01,-1.896580124886723673e-01,-1.780709737506144807e-01,-1.540549691568166291e-01,-6.610195117694390998e-02,-7.994161989314566008e-02,-6.549986679781884258e-02,-1.089165841515834232e-01,-1.125737871000433016e-01,-1.069220579055488035e-01,-6.909209475551186808e-02,-1.080137119849149674e-01,-1.718231205516258520e-01,-2.364841459076852670e-01,-2.958618040796717752e-01,-3.333594332628969648e-01,-3.877006250541031318e-01,-4.108457443618885319e-01,-4.114671601033993986e-01,-3.914036670056514899e-01,-3.921765407748493693e-01,-3.886957313573971007e-01,-3.887072003409557386e-01,-3.716969052393945261e-01,-3.425283642113390870e-01,-3.190113393591745283e-01,-3.080014937782151185e-01,-2.957116406438060618e-01,-3.061944692249344291e-01,-3.237886730059132967e-01,-3.141760685224948557e-01
-5.110829977286484027e-01,-5.007893072199048889e-01,-5.243136146354719918e-01,-5.248749929320107865e-01,-5.332225060211479573e-01,-5.354246940893394591e-01,-5.463837320017848054e-01,-5.250249644626592271e-01,-4.918173461261240442e-01,-4.973727991049932129e-01,-4.813119224599013424e-01,-4.654859922921721349e-01,-4.221230889252905460e-01,-4.158809300556124966e-01,-4.141896142959869409e-01,-4.015970779507325172e-01,-4.137501523527126190e-01,-3.686484598863513651e-01,-3.649555217953118769e-01,-3.679777086022371635e-01,-3.691903377579280332e-01,-3.629006678158450683e-01,-2.989511425650691612e-01,-2.977996378203816019e-01,-2.872480269171398537e-01,-2.965507419528902178e-01,-3.080374130103614161e-01,-2.024951362277264966e-01,-1.891221195865807336e-01,-1.931840255668978712e-01,-1.820830718336811094e-01,-1.713814588980460407e-01,-1.060667956336162066e-01,-1.057903927574446318e-01,-5.431714445428839633e-02,-1.078671951047029676e-01,-7.838772231571812521e-02,-9.838560331556749083e-02,-1.120025044800104508e-01,-1.616033630608615379e-01,-2.131133095748083961e-01,-2.554396409755880781e-01,-3.108259530873296872e-01,-3.626702695641611518e-01,-4.009462936201935168e-01,-4.013557469725687610e-01,-4.095125410152088974e-01,-3.976360904246886707e-01,-3.865854036028207874e-01,-3.758989819643738794e-01,-3.902471800816780800e-01,-3.824306320524437641e-01,-3.408590477366034710e-01,-3.286181870594048759e-01,-3.209391274047007081e-01,-3.168305638628471366e-01,-3.236878666986318653e-01,-3.327284386076643230e-01,-3.232683469151906297e-01
-4.995867037404466138e-01,-4.938871284904756687e-01,-5.150194603295019657e-01,-5.105518326372795457e-01,-5.091956074328189974e-01,-5.000917151975384778e-01,-5.118513088693169566e-01,-5.058198356567400467e-01,-4.751600752737814015e-01,-4.605658894694879546e-01,-4.483701739333240677e-01,-4.478829602044229197e-01,-4.134504388065561864e-01,-4.118326149529027980e-01,-4.073402638038539081e-01,-4.108050452195993185e-01,-4.162472862645282268e-01,-3.666731598443122020e-01,-3.669547449593544841e-01,-3.759156666911078748e-01,-3.765043054116087862e-01,-3.751985946583409337e-01,-3.073747439337953247e-01,-2.968379466338076367e-01,-2.923834382745776339e-01,-2.928720063123533279e-01,-3.086117517600072691e-01,-2.122757509771083795e-01,-1.815115558536295748e-01,-1.656468098032713721e-01,-1.680092677564704873e-01,-1.666465958429070859e-01,-1.003336021481805729e-01,-9.080770439209799594e-02,-4.779997192896960623e-02,-5.462662204041541375e-02,3.625971334785876073e-03,-4.747730989042651256e-02,-1.236918177188719575e-01,-1.815879611631441570e-01,-2.266532636664396749e-01,-2.772201161377061962e-01,-3.123793070811889394e-01,-3.555298045716969169e-01,-3.771583135929718611e-01,-4.096773711002546503e-01,-4.051018975166046920e-01,-3.682950698481748386e-01,-3.640144107621148817e-01,-3.678225561528243870e-01,-3.751405332685288085e-01,-3.675803269293425046e-01,-3.451838515050176803e-01,-3.351424702489175789e-01,-3.355516946600077821e-01,-3.106796552430208802e-01,-3.093259861492316243e-01,-3.313720961217637151e-01,-3.362759080058444483e-01
-4.919651972224676206e-01,-4.832115634198697607e-01,-5.064156167140179132e-01,-4.996187551591246834e-01,-4.928451638887046959e-01,-4.830478652219533653e-01,-4.872144707729336166e-01,-4.879305754046432408e-01,-4.614416733956606120e-01,-4.521161580056440310e-01,-4.429983666640656126e-01,-4.474451186230155586e-01,-4.145307529023205539e-01,-4.117254036110865600e-01,-4.126033935694081722e-01,-4.147729186562176817e-01,-4.156299282314330767e-01,-3.723411878420070931e-01,-3.742295027423728770e-01,-3.820402384606953472e-01,-3.864371092888345682e-01,-3.850326724860481664e-01,-3.224595087712271435e-01,-3.146340279462350731e-01,-3.072310452139750958e-01,-3.073291127615743190e-01,-3.210584641701110242e-01,-2.213933312783698537e-01,-2.135497551050133114e-01,-1.646831967135821140e-01,-1.409457059972603898e-01,-1.519827717968994241e-01,-7.981781071589956478e-02,-7.636799806116965905e-02,-6.119645461221924487e-02,-3.265144078957833013e-02,-5.135638687420923665e-03,-3.358990371251472512e-02,-5.805135848213878458e-02,-1.307506880864781618e-01,-2.052231032146791256e-01,-2.739655796978837654e-01,-2.676854673417648489e-01,-3.581153903833478314e-01,-3.793044616046260531e-01,-4.094299319744751364e-01,-4.059175749166371583e-01,-3.510250938199224180e-01,-3.520025978312456560e-01,-3.702992478961620870e-01,-3.701515076271676419e-01,-3.664938059438976325e-01,-3.462515000382170305e-01,-3.456435071663696013e-01,-3.433397187493743563e-01,-3.113079832833066662e-01,-3.167607116353423069e-01,-3.390633199886025628e-01,-3.443282386860035404e-01
-4.866293225740366268e-01,-4.854037015021244739e-01,-5.002887868366932000e-01,-4.948057687776115099e-01,-4.920900242066023611e-01,-4.810125652404300123e-01,-4.867902191962008018e-01,-4.877841414405510445e-01,-4.721935967180433402e-01,-4.463841754086714242e-01,-4.463260521813318116e-01,-4.496062442330925335e-01,-4.361428743478768522e-01,-4.322647929852058701e-01,-4.327081229234330806e-01,-4.245027732109228347e-01,-4.280879298669551525e-01,-3.849554205971734699e-01,-3.858403836800915476e-01,-3.993221607041886334e-01,-4.234511131056645228e-01,-4.204055423305310679e-01,-3.329835755002339970e-01,-3.223530139181224885e-01,-3.124952611397544544e-01,-3.223948103477963234e-01,-3.300214052916393692e-01,-2.371315569452884520e-01,-2.198115972410870367e-01,-1.823099860115359738e-01,-1.417286291755850414e-01,-1.181794445915035213e-01,-6.826526550125779080e-02,-6.369525777892570684e-02,-6.830265217669670430e-02,-6.892658146238966888e-02,-8.208522882598722620e-03,-3.271720929965248742e-02,-8.919662796932974203e-02,-1.484450255870889412e-01,-1.941952959864020889e-01,-2.537525327966485000e-01,-3.140328616343823209e-01,-3.453697925741093244e-01,-3.478008893032083493e-01,-3.911797060530441406e-01,-3.742919639678027321e-01,-3.508681300126856306e-01,-3.648453273664812313e-01,-3.888412525364112193e-01,-3.791730734891499144e-01,-3.733495387115944308e-01,-3.499457726848798633e-01,-3.481634827391814624e-01,-3.443786923949674894e-01,-3.209701830748578621e-01,-3.182793112187849993e-01,-3.469294511575594653e-01,-3.578356956766763353e-01
-5.214177075855296328e-01,-5.090058514153686930e-01,-5.392344971904737827e-01,-5.317468244277223643e-01,-5.246950517170279049e-01,-5.199504514540403965e-01,-5.180671030981275349e-01,-5.186974959274323060e-01,-5.153606013678426745e-01,-4.851481753793530638e-01,-4.875264159968873412e-01,-4.947727568457785940e-01,-4.697737096235523047e-01,-4.746426905749754344e-01,-4.773362399525414856e-01,-4.729957764810476251e-01,-5.029748813460535040e-01,-4.292067462350969698e-01,-4.271169762442730278e-01,-4.320942335134974610e-01,-4.574470457732983664e-01,-4.542334309463433861e-01,-3.802159247271220677e-01,-3.714158801646334496e-01,-3.731031043651366064e-01,-3.775044620737964540e-01,-3.673094284802084775e-01,-2.723747530826740593e-01,-2.419438557251180621e-01,-2.389625569640362046e-01,-2.127962123390524929e-01,-1.893633834155608597e-01,-7.288881738546879041e-02,-4.535070496463498163e-02,-7.941253881073633003e-02,-7.060836489248713266e-02,-6.693321137061093717e-02,-1.234923024904646116e-01,-1.635324632533692868e-01,-2.317917033373610991e-01,-2.562802267861515326e-01,-2.736357808848260409e-01,-3.018407296484427738e-01,-3.683002322922360738e-01,-3.634331303609432684e-01,-3.646780445588899688e-01,-3.633179779154484534e-01,-3.782611771877286699e-01,-3.779392058286000777e-01,-3.980748649821596041e-01,-3.931140762650044973e-01,-3.974181133130134103e-01,-3.878429212125398262e-01,-3.779215150629834929e-01,-3.708465873388337442e-01,-3.545227964873269300e-01,-3.562219810981768764e-01,-3.633024995305549898e-01,-3.696295316674954035e-01
-5.207729768762275890e-01,-5.172495568103235852e-01,-5.498543488246745436e-01,-5.450889279229687023e-01,-5.374126687373091960e-01,-5.255645710076087829e-01,-5.165116003488144925e-01,-5.289889744504314706e-01,-5.243822185676165759e-01,-4.866171207816566424e-01,-4.826776494315247468e-01,-4.931366962781036367e-01,-4.768447250959229056e-01,-4.796428197057333587e-01,-4.935048998377876139e-01,-4.853105567097217299e-01,-4.954641925043227202e-01,-4.535832863161137207e-01,-4.462752463620518473e-01,-4.552485148327701237e-01,-4.444201600422418852e-01,-4.464635140409322633e-01,-3.709373726256970372e-01,-3.616461734435890696e-01,-3.792124210442847643e-01,-3.781786840129407468e-01,-3.797420356112701234e-01,-2.842470639203615868e-01,-2.631533949136876660e-01,-2.460606346059081295e-01,-2.572734184914350908e-01,-2.428453854472138740e-01,-9.746896103263376354e-02,-5.476648557788465349e-02,-8.627355089068695915e-02,-7.627596284436560792e-02,-9.289859603764823170e-02,-1.185930714233734973e-01,-1.502312925609772531e-01,-2.189191508762595162e-01,-2.639783375956250566e-01,-2.586315771582173295e-01,-2.817079465078791700e-01,-3.030785804814177808e-01,-3.243331982981011441e-01,-3.608391605465062213e-01,-3.802994223226468518e-01,-3.881373867080388229e-01,-3.905928747779144894e-01,-3.916193489384662274e-01,-4.053375920541805177e-01,-4.073005758751040983e-01,-4.007756083293026461e-01,-4.055672618246298211e-01,-3.799087220102085327e-01,-3.709474427103596761e-01,-3.698855009905860358e-01,-3.686335841637167210e-01,-3.700175363750760060e-01
-5.139547951588735453e-01,-5.100835401559229432e-01,-5.455606413270851496e-01,-5.429462495657135790e-01,-5.337415779943907035e-01,-5.268383598805567170e-01,-5.195374573651244665e-01,-5.307723664809121944e-01,-5.310462134569809978e-01,-4.932076824470610910e-01,-4.875361645176645720e-01,-4.957672370900547132e-01,-4.809454697006788626e-01,-4.755277704890117363e-01,-4.920044737691931513e-01,-4.967500761513091723e-01,-4.954593455862549845e-01,-4.561842833528801378e-01,-4.457250126353907715e-01,-4.547217784670724572e-01,-4.422845585520087663e-01,-4.487489945882892628e-01,-3.768668897433531395e-01,-3.668875681380383558e-01,-3.901053565647049637e-01,-3.820967818577316599e-01,-3.822917670063977202e-01,-2.916917168517530468e-01,-2.791597626549520705e-01,-2.497888566122677678e-01,-2.686326770318946955e-01,-2.517571809529791094e-01,-1.159663166042360499e-01,-7.429732280053802373e-02,-7.455285465487949959e-02,-8.632730976927997790e-02,-1.374538986321391654e-01,-1.337157606339619831e-01,-1.461479030335971485e-01,-1.905415509981008559e-01,-2.235157011616078493e-01,-2.562958439866383498e-01,-2.944279926505319889e-01,-3.130276238046230675e-01,-3.403272520661619338e-01,-3.677674298565088429e-01,-4.014011228057184910e-01,-4.095761373443185804e-01,-4.068953349867887592e-01,-4.082738141298156154e-01,-4.235173691135476481e-01,-4.174733934311709027e-01,-4.134719887620360579e-01,-4.137772990463787215e-01,-3.868367822550308199e-01,-3.865178863350089977e-01,-3.847763010894367230e-01,-3.739062493141193655e-01,-3.750507562492210178e-01
-5.018224896794349910e-01,-5.030327821620480533e-01,-5.487399169394596710e-01,-5.427983443598705104e-01,-5.357888422803005479e-01,-5.266838390258801184e-01,-5.281244318522255732e-01,-5.345060343420666715e-01,-5.389340505901230038e-01,-5.281506444864624283e-01,-5.167630069577511254e-01,-5.245258572487518922e-01,-5.043475382862662171e-01,-4.822728444408108661e-01,-4.876396957146381661e-01,-5.000642263449849301e-01,-5.021777840311396623e-01,-4.519032278021243854e-01,-4.427470098833922729e-01,-4.593345932624355310e-01,-4.449486452945234927e-01,-4.510151129841606932e-01,-3.832670901486102122e-01,-3.845468135179817004e-01,-3.945289081501910933e-01,-3.946331322694520694e-01,-3.911818748660998435e-01,-3.051246247418949453e-01,-2.991791504662333345e-01,-2.869408631210295102e-01,-2.677986661651493572e-01,-2.549610123809974427e-01,-1.557234153410578525e-01,-1.193554015229842113e-01,-1.002669912697777416e-01,-1.173431657023675384e-01,-1.555968127990739469e-01,-1.971413372914731232e-01,-2.160531913347976674e-01,-2.330836483710240492e-01,-2.633055476354845270e-01,-2.772321491593567888e-01,-2.871201668854575506e-01,-3.150870154686710722e-01,-3.196278229722713249e-01,-3.542239324526185729e-01,-3.902563482848508403e-01,-4.167602740553064122e-01,-3.989223530448656740e-01,-4.231232739308366519e-01,-4.278886871874491571e-01,-4.196249470212075061e-01,-4.163744828328737047e-01,-4.120507373072544999e-01,-4.132868589937297998e-01,-4.137763784971480452e-01,-4.188281186388195243e-01,-3.839202096233119144e-01,-3.900545432938566925e-01
-4.906842943970814996e-01,-5.087520468488805347e-01,-5.703810828016773193e-01,-5.701164585132029172e-01,-5.640444328863297718e-01,-5.554571922892788116e-01,-5.460675865766428938e-01,-5.547039744193125177e-01,-5.559002233919830838e-01,-5.313527595505487255e-01,-5.090617752015639264e-01,-5.137552659394014620e-01,-4.888082365121882988e-01,-4.603611762512115346e-01,-4.576367785906604868e-01,-4.823893562227032916e-01,-4.945367039712402768e-01,-4.780446569589929529e-01,-4.662172629168815918e-01,-4.649183650847890648e-01,-4.629500048940140555e-01,-4.699567997318585544e-01,-4.064412455347474196e-01,-4.100016696112709358e-01,-3.950177211760837470e-01,-3.995523022829007287e-01,-3.875817468917397979e-01,-3.090255302060759823e-01,-3.059399778595812136e-01,-3.102696428974080489e-01,-2.902764462647267618e-01,-2.648405015524812334e-01,-1.649195930733054205e-01,-1.268568466586887378e-01,-1.327598943397868270e-01,-1.475037533175471149e-01,-1.810975630708782369e-01,-2.330386657281386942e-01,-2.611825105614302145e-01,-2.733569922078840086e-01,-2.976531127071827543e-01,-3.128925918942607742e-01,-3.441338999754375849e-01,-3.682044285844884302e-01,-3.273627155753088269e-01,-3.612182079818675451e-01,-3.977162872452654208e-01,-4.167941747338507197e-01,-3.898181207594745290e-01,-4.029322114076908656e-01,-4.086447134358905942e-01,-4.130847788894931871e-01,-4.166348292132178721e-01,-4.203639351607131314e-01,-4.296769750157127810e-01,-4.276391822448501467e-01,-4.258949905454532670e-01,-4.147616247415258361e-01,-4.159417438122896549e-01
-5.469706765332678078e-01,-5.645095353223246182e-01,-6.155740675520819938e-01,-6.150864342327246881e-01,-6.064705757318810120e-01,-5.936081501748583511e-01,-5.818550997516794832e-01,-5.911947378968719358e-01,-5.949386378508637607e-01,-5.616600982598199954e-01,-5.454819166625627380e-01,-5.462705977243528244e-01,-5.208960078688766870e-01,-4.914060107200592387e-01,-4.888119952328264239e-01,-5.158330760756939526e-01,-5.203195803097113714e-01,-4.976250484276580344e-01,-5.106495175914346207e-01,-5.157061176721027262e-01,-5.111517913151938375e-01,-5.055160352401026902e-01,-4.391392460888319804e-01,-4.390781869063208331e-01,-4.219821694638726250e-01,-4.338810746954914199e-01,-4.173601575432114297e-01,-3.401966020108478372e-01,-3.361216158864158143e-01,-3.456581140882545311e-01,-3.407403751640247225e-01,-3.194628441817638498e-01,-2.055127604129116659e-01,-1.784411704979108615e-01,-1.882219249495592217e-01,-2.013900141117739295e-01,-2.169244464866302013e-01,-2.231993607295649773e-01,-2.679226538077163489e-01,-3.277533374576843683e-01,-3.609753813356567087e-01,-3.848767188751995860e-01,-3.859630977298584842e-01,-4.009588412260456924e-01,-3.972454946035441359e-01,-4.023245153923293849e-01,-4.205124659502795792e-01,-4.342762957027669901e-01,-4.138323634530645667e-01,-4.223485070467171698e-01,-4.340250538469643260e-01,-4.208703855581564790e-01,-4.286940119292053653e-01,-4.333937422191392330e-01,-4.460589830584092419e-01,-4.442860833079900762e-01,-4.418465947164822993e-01,-4.265431248131217878e-01,-4.174021116400191134e-01
-5.623145510500131561e-01,-5.832715882236633176e-01,-6.275492155667531380e-01,-6.144842116455028203e-01,-6.046279761652387785e-01,-5.957090411264187590e-01,-5.874462648226175254e-01,-5.779601846265447485e-01,-5.721960240941408316e-01,-5.682393318965677231e-01,-5.651366169432677777e-01,-5.632502034844969474e-01,-5.346086274337468192e-01,-5.191529820140616813e-01,-5.126767892264614268e-01,-5.241532072998908998e-01,-5.413322706981095189e-01,-5.085751866459313764e-01,-5.118202293316862495e-01,-5.161406036040677714e-01,-5.339736880861788437e-01,-5.291439174678119750e-01,-4.462127457490051019e-01,-4.429847462790537649e-01,-4.469985540114166378e-01,-4.422126830258424901e-01,-4.471630879749668441e-01,-3.590117465585463408e-01,-3.533947419871508733e-01,-3.524749874873969180e-01,-3.427717403490048165e-01,-3.375806768576162242e-01,-2.024036586011530581e-01,-1.991316648405994927e-01,-2.256662360635166564e-01,-2.052118160501095745e-01,-2.437907049398923554e-01,-2.545153124781561194e-01,-2.760880322583485480e-01,-3.112301092890156773e-01,-3.710585458799488534e-01,-3.818900447344347748e-01,-3.938816294956028474e-01,-4.129876755854750003e-01,-4.196276035710513885e-01,-4.283646706477079458e-01,-4.445326884908265552e-01,-4.270082596108046302e-01,-4.132909968818653246e-01,-4.277407604799099983e-01,-4.416676449998046539e-01,-4.257175706017752304e-01,-4.375747469480407714e-01,-4.441056901220790110e-01,-4.477804143305187945e-01,-4.484711500753533198e-01,-4.479555609905970792e-01,-4.328330067549068794e-01,-4.245272936037012279e-01
-5.803037274100385501e-01,-5.798842990101705785e-01,-6.080030772293744112e-01,-6.158725439080084962e-01,-6.070817260854659558e-01,-6.076518245432537269e-01,-5.973771016780501375e-01,-6.021094207131565401e-01,-5.653131723387010421e-01,-5.478006422543960641e-01,-5.508882768594016710e-01,-5.419613710601595136e-01,-5.205062148204104844e-01,-5.332704464004200950e-01,-5.313459526773619546e-01,-5.371774345583519850e-01,-5.346613291800420553e-01,-4.947306397838605041e-01,-4.845275128714222057e-01,-4.782651380564573174e-01,-5.029870246104564124e-01,-5.082317275310543891e-01,-4.435363340602485049e-01,-4.620215770609559791e-01,-4.443610565690462311e-01,-4.472429167955840335e-01,-4.527292140407691012e-01,-3.602031103259049627e-01,-3.564002214046408934e-01,-3.448661096325318920e-01,-3.478388873473071685e-01,-3.395298326466216765e-01,-2.350464230978975555e-01,-2.520592215792608615e-01,-2.831463824291988729e-01,-2.703593016762754764e-01,-3.191410565493824625e-01,-3.169049343803906904e-01,-3.540772181339630897e-01,-3.627789447413514168e-01,-3.657597291391027072e-01,-3.529920513126174053e-01,-3.938967386454855224e-01,-4.039832170718041793e-01,-4.327236917989167875e-01,-4.570587076212616617e-01,-4.650828120846274283e-01,-4.503836854771992582e-01,-4.577909337539836088e-01,-4.679643415846933552e-01,-4.700324683205059917e-01,-4.378531465935406874e-01,-4.422475541133856214e-01,-4.471988746787217139e-01,-4.448721778132450067e-01,-4.672755228845882347e-01,-4.669576575567924714e-01,-4.507895785863127447e-01,-4.338269847487372100e-01
-5.836833795143219206e-01,-5.897498733182687802e-01,-6.169985891225411301e-01,-6.226884698256551776e-01,-6.164026008451624072e-01,-6.186511703760286807e-01,-6.088135591858057083e-01,-6.094587162735152219e-01,-5.884338002641080756e-01,-5.648066153492934394e-01,-5.563859691603326718e-01,-5.437173292891851473e-01,-5.265262721840470173e-01,-5.259853598244816908e-01,-5.189641368102163588e-01,-5.542261733358760933e-01,-5.667813116493126691e-01,-5.041763756323170975e-01,-4.867677113345401652e-01,-4.831366877727550913e-01,-4.771461322098235480e-01,-4.716270831313090772e-01,-4.232888095840797171e-01,-4.345596199473562016e-01,-4.363561170970741698e-01,-4.431587365567448700e-01,-4.478160796386930764e-01,-3.667708319383589655e-01,-3.663356526794827039e-01,-3.774453646219139147e-01,-3.714765708685774936e-01,-3.662680086431482351e-01,-2.802713688965499106e-01,-3.043611896213372359e-01,-3.232676644283117851e-01,-3.378172663045582724e-01,-3.505477072423714979e-01,-3.605473766628163879e-01,-3.826013901010817952e-01,-4.093209263927480301e-01,-4.128441940204451988e-01,-3.818413858416986884e-01,-4.113629234557957259e-01,-4.436765659101608583e-01,-4.388352993286025461e-01,-4.608853758081699059e-01,-4.692905237464807255e-01,-4.637750735954864756e-01,-4.531666638270022696e-01,-4.585358790435077325e-01,-4.551107560219724291e-01,-4.338463365219549228e-01,-4.387074973535426414e-01,-4.451493021278762896e-01,-4.462748358732895881e-01,-4.540989074372807077e-01,-4.523179693692837566e-01,-4.335821410440593993e-01,-4.263052841453351394e-01
-5.843134677400569910e-01,-5.904931377026066963e-01,-6.203868462005357465e-01,-6.268917123222027543e-01,-6.340276749114234223e-01,-6.398028191388559494e-01,-6.227073795004874901e-01,-6.265670924044706158e-01,-6.051519816579785660e-01,-5.918916020912859954e-01,-5.987061609268996554e-01,-5.835897304892279092e-01,-5.707256506575624222e-01,-5.552747308180355779e-01,-5.484242196975086525e-01,-5.799008325604507741e-01,-5.851943316171241971e-01,-5.280130688830676489e-01,-5.157273045386078225e-01,-5.101087415602948427e-01,-4.937095338819340595e-01,-4.927163289982749439e-01,-4.327304723252984875e-01,-4.259523087892361781e-01,-4.320081241013682405e-01,-4.434058194093831173e-01,-4.355080831422912802e-01,-3.673288182744401942e-01,-3.701903948274421485e-01,-3.970794574990047510e-01,-4.021140761480348491e-01,-3.960825913626883077e-01,-3.195201876169039279e-01,-3.315967698634582628e-01,-3.642260603907939154e-01,-3.710230004341429355e-01,-3.865958387311663746e-01,-3.913461632177298033e-01,-4.208892821949913321e-01,-4.254767090745051883e-01,-4.347505972604063240e-01,-4.387456859969873779e-01,-4.462232102896001584e-01,-4.543797970318207979e-01,-4.505846783984831516e-01,-4.572490596568428156e-01,-4.677834727969181761e-01,-4.762535899142203433e-01,-4.620024359577502016e-01,-4.592961775367295219e-01,-4.583400482405506349e-01,-4.320279461115242303e-01,-4.341736147790675182e-01,-4.325051148130922840e-01,-4.389770020926589411e-01,-4.387251199992205919e-01,-4.418684162276887983e-01,-4.326697084306596608e-01,-4.206564526468731802e-01
-6.022763846230728690e-01,-6.054783179133523818e-01,-6.085023732761294379e-01,-6.188429756197070253e-01,-6.290076264572008746e-01,-6.261120845661438672e-01,-6.410705927142589244e-01,-6.291625769855229144e-01,-6.264994499665775818e-01,-5.961375290092494339e-01,-5.971804970040871519e-01,-5.717362801141598894e-01,-5.633434627492622804e-01,-6.012327417251798201e-01,-5.954783020371451352e-01,-5.934403661252281026e-01,-5.965956548929877146e-01,-5.714360835881427958e-01,-5.577567497418394193e-01,-5.493104394473694585e-01,-5.264469855741419346e-01,-5.279906313634845638e-01,-4.492187746635569745e-01,-4.391366760846371897e-01,-4.372978709529666275e-01,-4.296777506107424260e-01,-4.271107126491174300e-01,-3.755037192867726192e-01,-3.865810992828278003e-01,-4.295334149958839887e-01,-4.354577733790747085e-01,-4.417761325525810800e-01,-3.458983470031847807e-01,-3.718531465058050878e-01,-3.998340125852092863e-01,-4.182570898511255852e-01,-4.225281315340944643e-01,-4.204097207007752579e-01,-4.409205196994245846e-01,-4.406325011815050430e-01,-4.524029704319253997e-01,-4.623149293214813271e-01,-4.551240976983654263e-01,-4.567080015739213295e-01,-4.590192888365676183e-01,-4.543215132787981614e-01,-4.534059384871083620e-01,-4.532191704360639672e-01,-4.523013939379229020e-01,-4.458079335481895389e-01,-4.374496868292291896e-01,-4.442959546167863372e-01,-4.209615082861787871e-01,-4.212062333093964939e-01,-4.271789363938766071e-01,-4.140191874952712237e-01,-4.192856687373075486e-01,-4.145522447438218516e-01,-4.158928820113671487e-01
-6.135599911358924352e-01,-5.970326932298797296e-01,-6.111765631325750681e-01,-6.340566497874543517e-01,-6.380714004705282383e-01,-6.235295891608566565e-01,-6.440295933887867363e-01,-6.117980867602020867e-01,-6.112122174478152870e-01,-6.224570914122534715e-01,-6.107403328231926221e-01,-5.933387642287816233e-01,-5.680595248421627108e-01,-5.842000862192220367e-01,-5.990339416985885901e-01,-5.994406162831861229e-01,-6.074071787958900126e-01,-5.782803574614612252e-01,-5.645165898161087492e-01,-5.791013054345625077e-01,-5.664576845546208661e-01,-5.652310630312233908e-01,-4.642610254637270506e-01,-4.520928852288136346e-01,-4.452229261973449925e-01,-4.443437943807468926e-01,-4.365355624965009951e-01,-3.893559988758228951e-01,-4.002079470123220961e-01,-4.400985965165922775e-01,-4.490886023978976072e-01,-4.470404719803314775e-01,-3.799932784810439168e-01,-4.009230898395232390e-01,-4.216037215553569140e-01,-4.327222971522742268e-01,-4.357110933383606111e-01,-4.375708984636979548e-01,-4.355973631736486107e-01,-4.356116318633983520e-01,-4.503286171728438370e-01,-4.506522640909383370e-01,-4.533456775078479328e-01,-4.451212079670062716e-01,-4.457306347237931510e-01,-4.514787216183280272e-01,-4.472886787243531281e-01,-4.488334098487584134e-01,-4.502598858403432103e-01,-4.507973219569601508e-01,-4.426117861337134918e-01,-4.362285927176918210e-01,-4.155005007611490830e-01,-4.272287126697950077e-01,-4.372157000834930307e-01,-4.251344606999786224e-01,-4.306074164379731783e-01,-4.154761467686767240e-01,-4.239173466868321194e-01
-6.205920086321989881e-01,-5.975315382451265034e-01,-6.111370185883971962e-01,-6.281751598807565617e-01,-6.352478600559466893e-01,-6.237972756182538214e-01,-6.405353357926375502e-01,-6.179670380435654531e-01,-6.146340311588925909e-01,-6.248542682024096351e-01,-6.231064611541590192e-01,-6.252539985471468054e-01,-5.949211989893303798e-01,-5.786261499031876143e-01,-5.774004513359409785e-01,-5.908372348855140954e-01,-5.974862298812165795e-01,-5.785785898429822716e-01,-5.667425209819682008e-01,-5.813378045518473591e-01,-5.693464742556155755e-01,-5.661128155218309033e-01,-4.741844432468944048e-01,-4.627600865760148618e-01,-4.572166870936432148e-01,-4.578327177700348694e-01,-4.597394248611350598e-01,-4.039841755198397832e-01,-4.133170762345813598e-01,-4.402348688145897859e-01,-4.577682516571957017e-01,-4.661298726191701602e-01,-3.994862101320658665e-01,-4.290313141792576057e-01,-4.375050091464596225e-01,-4.451448139775658897e-01,-4.412308002230798110e-01,-4.375503038220731611e-01,-4.254525999594806485e-01,-4.303085770256969145e-01,-4.454971322456611205e-01,-4.557806082864677699e-01,-4.551202050911959951e-01,-4.503522320527654221e-01,-4.550522851714152717e-01,-4.508608311343887398e-01,-4.511233806502588095e-01,-4.421801023263048913e-01,-4.561845070327718576e-01,-4.525673972103593790e-01,-4.425876946457716343e-01,-4.421878963356272174e-01,-4.222858639439716621e-01,-4.308991606245956563e-01,-4.329649820570735108e-01,-4.302577160254635324e-01,-4.266266790443469792e-01,-4.161668649293707722e-01,-4.259553950927442711e-01
-6.098746996428895395e-01,-5.933855173670062877e-01,-6.089948950452966914e-01,-6.119918054609730929e-01,-6.229568876801868660e-01,-6.214311837732514610e-01,-6.249172254868063936e-01,-6.075292297897763039e-01,-6.143885732008008693e-01,-6.216611821357564960e-01,-6.388153757155791146e-01,-6.074348072952528987e-01,-5.882905432697733694e-01,-5.827222323347439614e-01,-5.681057056504810188e-01,-5.907319992095101391e-01,-6.030312123093121146e-01,-5.912011717154171953e-01,-5.700361535506321964e-01,-5.648622610307898473e-01,-5.727321404249119396e-01,-5.682580209432407381e-01,-4.976153551063356995e-01,-4.793185814510785292e-01,-4.853291031466364092e-01,-4.978789992131326669e-01,-4.903230454613327072e-01,-4.301111264106364795e-01,-4.333567195629937085e-01,-4.572269387059710866e-01,-4.690609533950299559e-01,-4.921684700760386444e-01,-4.265478683145867422e-01,-4.440410327863721363e-01,-4.526709297106344398e-01,-4.529893503076005690e-01,-4.442742913267492266e-01,-4.262681709851989242e-01,-4.255181185761178209e-01,-4.298251723664536783e-01,-4.369689728818760277e-01,-4.408827318979735010e-01,-4.345321405835254058e-01,-4.274642450093707469e-01,-4.479156562981522760e-01,-4.472426801786753003e-01,-4.519698506148525086e-01,-4.543208924360823131e-01,-4.609911713025278690e-01,-4.582851485726471830e-01,-4.460885968100535837e-01,-4.393956206806188813e-01,-4.223972245665225667e-01,-4.311714829345625333e-01,-4.252318794132773361e-01,-4.302239875898264954e-01,-4.405327068996613971e-01,-4.234486549402660671e-01,-4.096962957732335764e-01
-6.010549637516752197e-01,-6.008103371095586676e-01,-5.945666538817433455e-01,-5.901668771898437305e-01,-5.898362061923001498e-01,-5.908621578265702556e-01,-6.143701548875424301e-01,-6.150164896200583931e-01,-6.258556493665771159e-01,-6.189119824032974782e-01,-6.336527852959219498e-01,-6.270556166564293932e-01,-6.078559193245791636e-01,-5.836696495436261012e-01,-6.081187957172743408e-01,-5.907613613427125099e-01,-5.931447085472902891e-01,-5.697201654176849983e-01,-5.549105558414455519e-01,-5.426260304499319620e-01,-5.536333303210914103e-01,-5.529576877425256276e-01,-4.926556613068581170e-01,-5.012808568170767920e-01,-4.946900832736833564e-01,-4.950390617185243536e-01,-5.165904660315151498e-01,-4.689761504753038879e-01,-4.628314549297458114e-01,-4.809031821209733826e-01,-4.807636491152751379e-01,-5.081659920080312531e-01,-4.470104841559451869e-01,-4.311221935300277863e-01,-4.030180751806840544e-01,-4.015518010368526736e-01,-4.092802116501576548e-01,-4.189780486228925072e-01,-4.204850842975874636e-01,-4.284465251570658828e-01,-4.411773729627706531e-01,-4.402085670258036321e-01,-4.230948421800218018e-01,-4.232387503362023407e-01,-4.340988030099106609e-01,-4.528140656926874508e-01,-4.500488564504911415e-01,-4.341829158705078351e-01,-4.433791265296668782e-01,-4.427289199696792799e-01,-4.583256732640006992e-01,-4.592383076142519949e-01,-4.301600610935584212e-01,-4.339115411351564533e-01,-4.300066763660891911e-01,-4.271941281728733886e-01,-4.246594941063379092e-01,-4.000519297855112955e-01,-4.208394219584785101e-01
-5.595080760984698642e-01,-5.415222993027533072e-01,-5.439250982778850441e-01,-5.398758122972194817e-01,-5.411425392829899428e-01,-5.500109550599928676e-01,-5.605408321441441855e-01,-5.711089725743923040e-01,-5.901716685099929194e-01,-5.808739986131545852e-01,-6.153177480302861602e-01,-6.052679652197129334e-01,-5.943359023535380592e-01,-5.806407340800954220e-01,-6.114589285094661486e-01,-6.098415065546365366e-01,-5.698658146528884361e-01,-5.207304422527629928e-01,-4.811287115343456100e-01,-4.944032749774693314e-01,-4.888540352499879948e-01,-5.156683907777016573e-01,-4.659863675759248758e-01,-4.868873338026039055e-01,-4.673043472977614909e-01,-4.690249416785903791e-01,-4.766906410239971081e-01,-4.507748112625515891e-01,-4.533276075329357169e-01,-4.768754329015929549e-01,-4.697489089832271314e-01,-4.703630355636466143e-01,-3.840571327620863618e-01,-3.804944662005216860e-01,-3.772394738974358397e-01,-3.685698024561742114e-01,-3.753790199856308907e-01,-3.610574542884926741e-01,-3.681292391818952181e-01,-3.807824086188280055e-01,-3.873774678916180325e-01,-3.845592645734610682e-01,-3.923218758842709764e-01,-3.927456574882304263e-01,-4.312268934490714467e-01,-4.405622865610128724e-01,-4.437503326250114011e-01,-4.334583786229005420e-01,-4.394863434655096879e-01,-4.435976802407326502e-01,-4.339622836133384953e-01,-4.351571771429325608e-01,-4.315405249020259904e-01,-4.332534541375934745e-01,-4.155511390050332099e-01,-4.130715252097944545e-01,-4.180909914950463602e-01,-4.206730235195981771e-01,-4.256143432692185424e-01
-5.658747979875254908e-01,-5.620003142657442607e-01,-5.637350479177158924e-01,-5.427179651809925787e-01,-5.409021257814502492e-01,-5.464706373456061916e-01,-5.577122442641170297e-01,-5.815383043692480269e-01,-5.992681203902483489e-01,-5.889724835357811328e-01,-6.035087528088335374e-01,-5.984519939084793627e-01,-5.743071524159031327e-01,-5.906515769411273542e-01,-5.865788441432507883e-01,-5.936123969139687206e-01,-5.635926837500466746e-01,-5.182175426959445552e-01,-4.753852947963126407e-01,-5.217758678147623730e-01,-5.054325385351267075e-01,-4.912739688575792352e-01,-4.608363880240615162e-01,-4.728927649990474769e-01,-4.628663600518868049e-01,-4.645406648987066567e-01,-4.764684017571125252e-01,-4.506080880204773598e-01,-4.550500619193638685e-01,-4.571951306680241967e-01,-4.489130074294117034e-01,-4.639992601702304653e-01,-3.627081472519957384e-01,-3.665840140392372937e-01,-3.633207361992514817e-01,-3.647698622799748214e-01,-3.457412863547620341e-01,-3.410220322796541081e-01,-3.740608014680496529e-01,-3.758894920331470879e-01,-3.701437403583472951e-01,-3.766001173985515926e-01,-4.109689642412215349e-01,-4.257725808633439635e-01,-4.327039773220222596e-01,-4.344829561195333589e-01,-4.413634281306144103e-01,-4.256838997335615771e-01,-4.378493877097825449e-01,-4.396203618653519718e-01,-4.350253719729063051e-01,-4.295356827887618634e-01,-4.297798594026554508e-01,-4.326777532565026507e-01,-4.214559886874365557e-01,-4.198623894764065834e-01,-4.251554858831981254e-01,-4.333681895915399984e-01,-4.356831799814808726e-01
-5.978258021440004955e-01,-5.650737724105800996e-01,-5.643313628696101647e-01,-5.557384918827618092e-01,-5.428819188838018839e-01,-5.490835025090688992e-01,-5.579657516785440086e-01,-5.679643691766476099e-01,-5.860243918133638541e-01,-5.914845709804282814e-01,-6.065427168159365223e-01,-5.953366340338216434e-01,-5.908465927568815612e-01,-5.891061847075850233e-01,-5.912606429847039324e-01,-5.904253117028320785e-01,-5.449482383603111435e-01,-5.432714749619862449e-01,-5.026026614822702854e-01,-5.014978721658513994e-01,-5.460993035673076257e-01,-5.319183707537701311e-01,-4.737615911277845426e-01,-4.836836129452540267e-01,-4.629730234106728126e-01,-4.566983768392404164e-01,-4.643302197246367835e-01,-4.439076947847344634e-01,-4.438229944746601707e-01,-4.322752063344034168e-01,-4.380214121294824237e-01,-4.147332183780912951e-01,-3.387516257350217108e-01,-3.331523155496609045e-01,-3.367617768879297424e-01,-3.344151796924375031e-01,-3.538420619137895295e-01,-3.436506675291617907e-01,-3.671969404168914375e-01,-3.532666018217311965e-01,-3.650045625941208405e-01,-3.985047375143585535e-01,-4.162343993931675312e-01,-4.276810389293281833e-01,-4.210465413700039128e-01,-4.270767386679929500e-01,-4.304123257541214720e-01,-4.164777706617646680e-01,-4.271626357582336553e-01,-4.273556724866606205e-01,-4.338384212110178439e-01,-4.497537955513389862e-01,-4.399720010273532322e-01,-4.380281969805941422e-01,-4.305343091839280989e-01,-4.301977719333759942e-01,-4.346821774473196287e-01,-4.386743869249813410e-01,-4.325616261175874722e-01
-6.003433295029558803e-01,-5.479754488599583029e-01,-5.725469526138234899e-01,-5.603820537473066521e-01,-5.539503228044454497e-01,-5.573185654380691245e-01,-5.590346770699170520e-01,-5.666271809900029766e-01,-5.645602040140613731e-01,-5.738613659076570173e-01,-6.001452548730001890e-01,-6.015153378056546929e-01,-5.963863621596344755e-01,-6.032220898865837677e-01,-5.942262211003702665e-01,-5.889431247634331346e-01,-5.497880793966970492e-01,-5.241928836870951569e-01,-4.969758120424611625e-01,-4.717661091784848826e-01,-5.267718763985542729e-01,-5.370083349385577076e-01,-4.765936579856004940e-01,-4.730766416487973136e-01,-4.778679357725074683e-01,-4.688166838591887320e-01,-4.795799575460019670e-01,-4.434493376253187402e-01,-4.359998242022540271e-01,-4.258237504704183163e-01,-4.169622926422409392e-01,-3.901853454160251200e-01,-3.338278783767328339e-01,-3.303396167128872518e-01,-3.328713646196703735e-01,-3.610805471549599632e-01,-3.694707704232335077e-01,-3.388773213575117516e-01,-3.512784917584215738e-01,-3.440529646115136897e-01,-3.813335681436179070e-01,-4.023834540311423957e-01,-4.069429236607548517e-01,-4.174267381262866672e-01,-4.256352814093726789e-01,-4.152355885843498906e-01,-4.171949954423189721e-01,-4.313570896034372160e-01,-4.458194137218802200e-01,-4.444386851509333769e-01,-4.426372511483234184e-01,-4.376829508276780523e-01,-4.331619398967359591e-01,-4.374402583644695919e-01,-4.284053186847527339e-01,-4.316407766563800652e-01,-4.365717492783128817e-01,-4.491739811083743095e-01,-4.529097951647124143e-01
-6.015925653531812856e-01,-5.461781002774303007e-01,-5.736981130363476566e-01,-5.628304762118824245e-01,-5.582344228634039673e-01,-5.578181271148590081e-01,-5.422762285389161052e-01,-5.500336103504414043e-01,-5.633240450768309815e-01,-5.802598295919552118e-01,-6.103974169191528354e-01,-5.970860558582110622e-01,-5.885641968221237974e-01,-5.677133723585228164e-01,-5.805269664710068778e-01,-5.847229665510131902e-01,-5.396006476264549878e-01,-5.281691927845639789e-01,-5.100425804881840719e-01,-4.934691314149240449e-01,-5.193656226634834061e-01,-5.269991482473094235e-01,-4.651594117365863701e-01,-4.662547069082386697e-01,-4.738591116425661665e-01,-4.697892386994736436e-01,-4.952950471691545675e-01,-4.409534925068986921e-01,-4.291456752941302244e-01,-4.251133367915984618e-01,-4.197538428924388332e-01,-3.815483018429016715e-01,-3.101086988810231038e-01,-3.029877301098569120e-01,-3.031293816052116896e-01,-3.230041581646210802e-01,-3.335714668599499277e-01,-3.169419758661930486e-01,-3.311855005773192140e-01,-3.562701438211559046e-01,-3.719532384025486804e-01,-3.879335483121969519e-01,-3.976898965548625875e-01,-4.035524972193130777e-01,-4.101910969548194785e-01,-4.126569971049210972e-01,-4.312716226618365511e-01,-4.408544526081920045e-01,-4.531860731978937795e-01,-4.550442891917212962e-01,-4.504479114794964767e-01,-4.428462571256545632e-01,-4.459693107445706350e-01,-4.455979703330475439e-01,-4.375280914857216930e-01,-4.538967455523335026e-01,-4.493050462731609240e-01,-4.520896073381632241e-01,-4.616501462542880185e-01
-5.366059495867963047e-01,-5.307093942843579271e-01,-5.512835686905875887e-01,-5.310994197696341512e-01,-5.394180159393564544e-01,-5.281870140837643390e-01,-5.090482942951237710e-01,-5.346357097390013191e-01,-5.412931038117354543e-01,-5.469704442259102350e-01,-5.778724833917258108e-01,-5.635203261967187682e-01,-5.370282006632881577e-01,-5.247901422685711248e-01,-5.345751660008164485e-01,-4.977421635316612858e-01,-4.915711106793511087e-01,-4.548979106167680420e-01,-4.484509234089889551e-01,-4.500318519606662515e-01,-4.655708124043111962e-01,-4.604342924267226800e-01,-4.401181705451072124e-01,-4.385614067934546223e-01,-4.364161975579085584e-01,-4.425109285419407956e-01,-4.572977791179614337e-01,-4.110628461536866007e-01,-4.028036073537019091e-01,-3.982101686025719678e-01,-3.675656524876473874e-01,-3.253324688034930912e-01,-2.610842025848778003e-01,-2.856382369655238174e-01,-3.063437380141004751e-01,-3.111942433194360702e-01,-2.979270229077987109e-01,-2.236846349530282607e-01,-2.670415066062256648e-01,-3.182015283774705661e-01,-3.162606199440559096e-01,-3.091785198590016326e-01,-3.159795291260528716e-01,-3.422572721441248800e-01,-3.449663450532114983e-01,-3.817914352990850468e-01,-4.068759661979279851e-01,-4.278795023182889734e-01,-4.407809044782247665e-01,-4.439219360223458644e-01,-4.480999383157749927e-01,-4.421805676430425325e-01,-4.509810236616774715e-01,-4.561593713045592469e-01,-4.588039683967369831e-01,-4.619147536742382321e-01,-4.512185780655718070e-01,-4.400501619669536790e-01,-4.320127655850030113e-01
-5.458148226656514002e-01,-5.443108051395733060e-01,-5.240869838530775038e-01,-5.089664562073016318e-01,-5.157220742384894807e-01,-5.077015953853665220e-01,-4.958198291369802502e-01,-5.260360773338359497e-01,-5.139634252348471710e-01,-5.218670778626038897e-01,-5.448461359526571846e-01,-5.306686812793700581e-01,-5.113427348719575827e-01,-4.971995355980096676e-01,-4.979808092381616813e-01,-4.947367696999029896e-01,-4.880701636402580146e-01,-4.526299980702319092e-01,-4.481515439326781980e-01,-4.562001921391757864e-01,-4.568519269115440817e-01,-4.542538200947799365e-01,-4.123169575635097228e-01,-4.116155362153431918e-01,-4.250926593432760581e-01,-4.314253053712679420e-01,-4.427626185465853292e-01,-3.907401429685939953e-01,-3.851586874134870775e-01,-3.777479089745712226e-01,-3.689687418440539268e-01,-3.173250883964496838e-01,-2.802683824921868294e-01,-2.750373210158867932e-01,-2.681770702568363474e-01,-2.879664428003333443e-01,-2.585563281898848320e-01,-2.190877042209631864e-01,-2.389535496181859620e-01,-2.534039243023309962e-01,-2.547053327176501680e-01,-2.611972818973599675e-01,-3.128641897385912030e-01,-3.425460699282396049e-01,-3.387207521136094135e-01,-3.603748475892669112e-01,-3.820398196370426436e-01,-4.102409446790385439e-01,-4.358892526846419035e-01,-4.427326227216987209e-01,-4.365678467461148737e-01,-4.619565925213962032e-01,-4.625986090402386952e-01,-4.620475490778107597e-01,-4.721637621215553637e-01,-4.224695130671597409e-01,-4.221143918274431472e-01,-4.050161796336427256e-01,-4.227432171264073890e-01
-5.457387358436630587e-01,-5.470503479279569259e-01,-5.278746064226007562e-01,-5.166814737912064359e-01,-5.205404135159956702e-01,-5.097997200914288207e-01,-5.016465698699784648e-01,-5.296035622356464190e-01,-5.055354332558760211e-01,-5.492832530623145137e-01,-5.417216308721419793e-01,-5.357866996657950631e-01,-5.107150861619089710e-01,-4.831523985752951278e-01,-4.783650990577667517e-01,-4.780740027748233700e-01,-4.799569237983480341e-01,-4.703221280195682974e-01,-4.704966476664992903e-01,-4.387301023966493352e-01,-4.460728271107590182e-01,-4.399924198685026266e-01,-4.156629690344496031e-01,-4.043133073706001168e-01,-4.295047625378106138e-01,-4.328564302765194882e-01,-4.504427527240950635e-01,-3.877901304649556402e-01,-3.852427892398646581e-01,-3.586510932080213543e-01,-3.632950173399714933e-01,-3.156837311205507590e-01,-2.472959422157013643e-01,-2.318768020073632974e-01,-2.401009677444758128e-01,-2.514980643411943162e-01,-2.555279120797934178e-01,-2.131516290963072491e-01,-2.194550426301979107e-01,-2.166733741985080453e-01,-2.369193590791995041e-01,-2.558836353852350087e-01,-2.653698587938332909e-01,-2.895231120034783556e-01,-3.469637835862824926e-01,-3.520290546238928342e-01,-3.685807137802442623e-01,-4.104330721585909836e-01,-4.228092676764254598e-01,-4.358351607485089763e-01,-4.358055502471677167e-01,-4.653487115377705763e-01,-4.615178976065433258e-01,-4.600080171095534132e-01,-4.585821438431050279e-01,-4.127157602978837048e-01,-4.207375713985027077e-01,-4.038689735873093323e-01,-4.101380581018108651e-01
-5.553918438800848900e-01,-5.578787121996712228e-01,-5.412622961790333198e-01,-5.155458278813084272e-01,-5.138830470835806796e-01,-5.155212804990494391e-01,-5.299352773941655714e-01,-5.293896859538642641e-01,-5.065374900904090483e-01,-5.561444739832676065e-01,-5.384405076558698156e-01,-5.330397202080954244e-01,-5.068390805025128065e-01,-4.831155902084732223e-01,-4.733093910054028686e-01,-4.692307395336991482e-01,-4.663906138915224209e-01,-4.560279384833145766e-01,-4.569232060315798760e-01,-4.305744629077691843e-01,-4.356065038913975451e-01,-4.319075517664766606e-01,-4.083225063894160289e-01,-4.012188199016108459e-01,-4.221530539585952035e-01,-4.254521693439293206e-01,-4.413519401400505249e-01,-3.805959230456441023e-01,-3.773332871311921854e-01,-3.500539667793422516e-01,-3.350703557578272873e-01,-3.165778937955370798e-01,-2.857151654735239354e-01,-2.733764321468292735e-01,-2.855120522418697071e-01,-2.741651417910391797e-01,-2.742681268990017629e-01,-2.142244518776001694e-01,-2.163234616975698299e-01,-2.196602804139152210e-01,-2.403221916672969583e-01,-2.577039213055330458e-01,-2.677488984319694176e-01,-2.880717300303006767e-01,-3.114394150528219107e-01,-3.478639295273083798e-01,-3.636166012998601205e-01,-4.066423629998800471e-01,-4.283984463732153913e-01,-4.329115451139872173e-01,-4.546411099308892978e-01,-4.777939783531798268e-01,-4.651601618053924914e-01,-4.657663579352999683e-01,-4.685129632212063910e-01,-4.117232784232445209e-01,-4.113995964451522824e-01,-4.027573292473917710e-01,-4.063480140442926047e-01
-5.440641513864429291e-01,-5.356055386403969498e-01,-5.463182317499035712e-01,-5.440327056972397157e-01,-5.380572715526606986e-01,-4.999580137193611606e-01,-5.103172647725774391e-01,-5.017695201081575629e-01,-5.397947208250933882e-01,-5.289769022394006370e-01,-5.325681013503440475e-01,-5.288402435269743407e-01,-4.929089710687372672e-01,-4.906776702556533420e-01,-4.820368977151550660e-01,-4.703192145617220432e-01,-4.691832399996365144e-01,-4.522470365552271887e-01,-4.559604990464100061e-01,-4.331275939059482383e-01,-4.508034612230646943e-01,-4.427472064677642205e-01,-4.001054041724793620e-01,-4.009915051351540805e-01,-4.251108128475690195e-01,-4.301123302890020872e-01,-4.446876179017326125e-01,-3.657879833751426224e-01,-3.694081357339935034e-01,-3.498075069916317670e-01,-3.149936677446206756e-01,-3.034155857128128519e-01,-2.852401044892228232e-01,-2.743789352248436897e-01,-2.780962385459473940e-01,-2.956876960529123965e-01,-2.906844060278847008e-01,-2.283754028655072543e-01,-2.268453132715556875e-01,-2.348893632411759025e-01,-2.613140183350187162e-01,-2.686361745333493700e-01,-2.632720138267947152e-01,-3.065601994960929222e-01,-3.312497081038934810e-01,-3.388334074656789152e-01,-3.616321021268397162e-01,-4.134077775024007084e-01,-4.308121954865245518e-01,-4.588079050295189587e-01,-4.706208205908862796e-01,-4.650675838638643755e-01,-4.738382964683741649e-01,-4.725778256557784385e-01,-4.721520369580234355e-01,-4.540750599121231579e-01,-4.463977305009146357e-01,-4.414465808056480256e-01,-4.181314175699142877e-01
-5.368512211011966517e-01,-5.341841662390487411e-01,-5.229697333790341851e-01,-5.218024446253118898e-01,-5.325285505833129429e-01,-5.487675469862508537e-01,-5.448630074632018205e-01,-4.969775353703500542e-01,-4.978503807326469799e-01,-5.111204319289855968e-01,-5.306903660766023600e-01,-5.286927510815261355e-01,-4.833291057316170258e-01,-5.004958701810007238e-01,-4.739711852153836724e-01,-4.800496463315198636e-01,-4.664142596665789564e-01,-4.129546144592401991e-01,-4.147271935831273182e-01,-4.000989446903906455e-01,-4.046700243456943791e-01,-4.050935998683263817e-01,-3.708484620899336059e-01,-4.172911029764570512e-01,-4.050738418593075596e-01,-4.140208183725197499e-01,-4.161467964459399926e-01,-3.646079481793540467e-01,-3.144042667636012256e-01,-3.273049056878463703e-01,-2.735235491948998510e-01,-2.844067629531318309e-01,-2.345391229403616939e-01,-2.585012524952613466e-01,-2.852638767684776422e-01,-2.948371445467100616e-01,-2.901717979299081596e-01,-2.151015781080815037e-01,-2.030028340929800612e-01,-2.181476780136404892e-01,-2.020736425979075268e-01,-2.044036007436643987e-01,-2.414542782508347085e-01,-2.880864179205753217e-01,-2.880323450391632512e-01,-2.903654478058415589e-01,-3.356331547274087890e-01,-3.672999453924453150e-01,-4.189253570429912754e-01,-4.262417705483493302e-01,-4.461067005955706710e-01,-4.433592142849844819e-01,-4.627672695378858281e-01,-4.579640722522452800e-01,-4.529233642226335177e-01,-4.204576301083216006e-01,-4.161002270299239969e-01,-3.915080227897553833e-01,-4.054634159392713766e-01
-5.303456425918356976e-01,-5.218326633316546781e-01,-5.084265362638139552e-01,-5.023431082546769844e-01,-5.194174259650317094e-01,-5.466721303467596549e-01,-5.307904119724509151e-01,-5.270891414292754318e-01,-5.371432032496679110e-01,-5.387413590634695382e-01,-5.538167991369741250e-01,-4.964832853284044667e-01,-4.811605277703361327e-01,-4.866235059999393098e-01,-5.031764316683010607e-01,-4.806531597312868609e-01,-4.393202496570992599e-01,-4.104212115945213291e-01,-4.050949400737325345e-01,-3.951308387506748954e-01,-3.959094734409714378e-01,-3.993408690048244059e-01,-3.741061958084541672e-01,-4.209016076823660635e-01,-4.097946405313583895e-01,-4.140675559246184134e-01,-4.100483047735337117e-01,-3.409267624224796012e-01,-3.099746761723294330e-01,-2.968656926389071637e-01,-2.795641822590061443e-01,-3.248463042872227202e-01,-2.814893036006894111e-01,-2.909562669977059923e-01,-2.579662985702192435e-01,-2.377239172362699271e-01,-2.365991832164660857e-01,-1.754839044344231880e-01,-1.722643112242492336e-01,-1.699512844064850203e-01,-1.647055304121473329e-01,-2.085251685863513671e-01,-2.156535426405579159e-01,-2.385164759497955533e-01,-2.339100526959577708e-01,-2.597764247636699109e-01,-2.864615874305679877e-01,-3.681744683390206774e-01,-4.113864056794001023e-01,-4.230596840458547558e-01,-4.399220665347213788e-01,-4.330355149839369422e-01,-4.529938063446238838e-01,-4.554409019705866757e-01,-4.406704909704078355e-01,-4.172520909554284785e-01,-4.161650429648740546e-01,-4.016364104381829891e-01,-4.087198061741235122e-01
-5.301032464035980718e-01,-5.287316401372061936e-01,-5.140562708099920552e-01,-5.041561212642701184e-01,-5.270440877139699332e-01,-5.432855984612205980e-01,-5.401454215315691920e-01,-5.356478436785249153e-01,-5.249484241144077856e-01,-5.345361190806042773e-01,-5.247504335494815875e-01,-5.263731489936129826e-01,-5.140496193353378818e-01,-5.239614995367687378e-01,-5.044377926407426216e-01,-4.616079160726835329e-01,-4.393663795764707336e-01,-4.122065211302841647e-01,-4.044026943649334793e-01,-4.310080624588310538e-01,-4.522075009082762165e-01,-4.380184857281662625e-01,-3.927223847224937670e-01,-4.050943561707006646e-01,-4.023616759619096372e-01,-3.979533839586360533e-01,-3.733162545114801500e-01,-3.051537954265536312e-01,-2.882311612189699668e-01,-2.606215659712301513e-01,-2.915015590078939289e-01,-3.429242139041049908e-01,-2.670406910780276921e-01,-2.281609159434503931e-01,-2.230146472039402639e-01,-2.224041625417387813e-01,-2.231135160869084921e-01,-1.502702661894161351e-01,-1.399805328784158587e-01,-1.437041949562376797e-01,-1.467026852652104640e-01,-1.647129260713189325e-01,-1.905566477473437936e-01,-2.143420346010736777e-01,-2.436315535200931082e-01,-2.973257145256675837e-01,-2.794301970303826321e-01,-3.723268007458853668e-01,-3.936394377023640367e-01,-4.225965161596814679e-01,-4.294564990691291384e-01,-4.397628878649988415e-01,-4.429002733031905392e-01,-4.537156245505803431e-01,-4.041901588250066402e-01,-4.136906014344781668e-01,-4.142098866384697486e-01,-4.490856130629481968e-01,-4.371073234244808314e-01
-5.093258969565570560e-01,-5.128299078603608674e-01,-4.866522150088923304e-01,-4.873899449547051677e-01,-5.039655379631980958e-01,-5.381337936103981479e-01,-5.669756350931742794e-01,-5.642859914048129477e-01,-5.481325465469288893e-01,-5.552782969564106219e-01,-5.522210876362217968e-01,-5.637418513723211344e-01,-5.475627778565063108e-01,-5.257657869292869934e-01,-4.916068033067604870e-01,-4.398425558513884837e-01,-4.463549350648695069e-01,-4.107053119249609585e-01,-4.069620432110668262e-01,-4.066494670554341995e-01,-4.776576514244842420e-01,-4.792391114498595894e-01,-4.323032734623488138e-01,-4.029825453866891505e-01,-3.905910663733506705e-01,-3.685966686961180128e-01,-3.704245019690580176e-01,-3.055333415497937244e-01,-3.158075655519763103e-01,-2.823215450837265883e-01,-2.847589029597152877e-01,-3.095856959478466841e-01,-2.074017323154093151e-01,-1.746853371433990387e-01,-1.795525526863969157e-01,-1.707740266159488984e-01,-1.781936069946464529e-01,-1.189280807567184156e-01,-1.287630735364368728e-01,-1.496954398864993874e-01,-1.739578042344012143e-01,-2.141001828899015691e-01,-2.255216100368045429e-01,-2.586704847958409825e-01,-2.587489698064532884e-01,-2.273604500115673221e-01,-2.626824061660761322e-01,-3.653073263174047569e-01,-3.797255515311286356e-01,-4.089416826507340508e-01,-4.237905104047887117e-01,-4.191144644305005440e-01,-4.354792262174795869e-01,-4.322878916323302234e-01,-4.326066676565087366e-01,-4.314002590500038981e-01,-4.351922147065507285e-01,-4.303284557046774816e-01,-4.146456741897172615e-01
-5.178848843925355494e-01,-5.111006755225107057e-01,-4.787442473900577200e-01,-4.959624080639382648e-01,-5.053029118360791161e-01,-5.151739567927859920e-01,-5.144686760722638752e-01,-5.444491120541559148e-01,-5.701079073182795387e-01,-5.604137271658481412e-01,-5.864148404952461702e-01,-5.918166600640449859e-01,-5.486715731087006276e-01,-5.316069009265073086e-01,-5.081707757913310752e-01,-4.718987009813799816e-01,-4.445062592219997111e-01,-4.302869084667863553e-01,-4.174206738578174480e-01,-4.330129628173100542e-01,-4.571063374791413114e-01,-4.653168089425419596e-01,-4.133232778089858672e-01,-3.913877693279143588e-01,-3.692407438585986745e-01,-3.610690666834022733e-01,-3.857198099732653818e-01,-3.436922311872930291e-01,-3.457766336858699718e-01,-3.290379305956157574e-01,-3.111616508006381232e-01,-3.343784698124365184e-01,-2.422991360784132187e-01,-2.489997249645722333e-01,-2.293873862836837418e-01,-1.746405402614165658e-01,-1.824441910170467029e-01,-1.390610257605282840e-01,-1.622236870468810599e-01,-1.842230012070901757e-01,-1.991900540405611708e-01,-2.122951396467704643e-01,-2.329208781428928898e-01,-2.050987518820077404e-01,-1.988934898471426960e-01,-2.599479004849504782e-01,-3.088226445621725103e-01,-3.887061043670524962e-01,-3.990611053624821825e-01,-4.145277233971454423e-01,-4.174631774092022463e-01,-4.245000665157634412e-01,-4.376534178608745829e-01,-4.290640910247267015e-01,-4.326177507253114451e-01,-4.353381454451484833e-01,-4.271382486553861324e-01,-4.115254967192252256e-01,-3.959427170083641978e-01
