-7.858233814492182392e-28,-4.296125548815588972e-27,1.519648358225822275e-02,1.359076425433158528e-02,-2.618947676554422455e-27,-1.573725775801494393e-27,-9.048287087857077693e-28,-1.644967085203253054e-27,3.203298896551131508e-02,1.104214116930961331e-01,1.609752625226974210e-01,1.629252135753631314e-01,1.980589926242828092e-01,1.543990671634673795e-01,1.713883876800536832e-01,1.460610777139663419e-01,1.282631158828735074e-01,1.748025864362716120e-01,1.713165193796157282e-01,1.369250714778899869e-01,1.776257753372191828e-01,2.137907892465590876e-01,2.851422727108001154e-01,3.032222092151641291e-01,3.121170699596404474e-01,3.683140277862547718e-01,3.940452337265013538e-01,3.619801402091979425e-01,3.759042024612426203e-01,3.297367393970488947e-01,3.353209495544432484e-01,3.411734104156493586e-01,3.234692811965941828e-01,3.521366119384765070e-01,3.583746850490569513e-01,3.669711947441100519e-01,4.076235294342039905e-01,4.539557099342345081e-01,4.443155825138091486e-01,4.273809790611266535e-01,4.195851087570189875e-01,4.159175455570220392e-01,4.337570071220396839e-01,3.884693980216978870e-01,3.951295912265776478e-01,3.661519587039946955e-01,3.415018022060393177e-01,3.114563822746276300e-01,0.000000000000000000e+00,0.000000000000000000e+00,0.000000000000000000e+00,0.000000000000000000e+00,0.000000000000000000e+00,0.000000000000000000e+00,0.000000000000000000e+00,0.000000000000000000e+00,0.000000000000000000e+00,0.000000000000000000e+00,0.000000000000000000e+00
-2.719654078544885431e-26,-6.760870570153653644e-27,-1.499198230470757219e-26,-1.338242991506208569e-25,-7.352917363266270699e-27,-9.425281345271491030e-27,-1.759342453882469519e-26,-5.746436874323277832e-28,-1.775815639069872087e-28,-2.058285203188295100e-27,1.154823303222656111e-01,1.596777886152267178e-01,1.710432916879653653e-01,1.422474235296249112e-01,1.926946192979812345e-01,2.283787727355956754e-01,2.301939278841018122e-01,1.760780662298202237e-01,1.673062294721603116e-01,1.209351867437362532e-01,1.728633195161818903e-01,2.118506282567977628e-01,2.859471440315246027e-01,3.078243434429168146e-01,3.092962801456450861e-01,3.730838298797606312e-01,3.976320326328276478e-01,3.385802805423735462e-01,3.560714125633239191e-01,3.242407143115996759e-01,3.383405804634093683e-01,3.400153517723082941e-01,3.212275207042693537e-01,3.445332050323485773e-01,3.612529039382934015e-01,3.639263808727263294e-01,4.188271760940550648e-01,4.738145768642424982e-01,4.414251744747160755e-01,4.280122816562652033e-01,4.691267013549804132e-01,4.675601422786711536e-01,4.835510849952697199e-01,4.455916285514830988e-01,4.263598620891569935e-01,3.794269859790800892e-01,3.747362494468688410e-01,3.337441384792326771e-01,0.000000000000000000e+00,0.000000000000000000e+00,0.000000000000000000e+00,0.000000000000000000e+00,0.000000000000000000e+00,0.000000000000000000e+00,0.000000000000000000e+00,0.000000000000000000e+00,0.000000000000000000e+00,0.000000000000000000e+00,0.000000000000000000e+00
-1.182343900504424096e-25,2.266049850732087655e-03,2.513759210705756794e-02,-7.823109456954338907e-27,-8.430310924642550859e-26,-9.981681320460370784e-27,-4.303680998345929412e-27,-7.317358489318197189e-27,-1.241293280121118016e-26,9.350785054266451055e-03,2.440261393785476407e-01,4.710945188999174915e-01,4.552649259567259632e-01,3.111184537410735529e-01,2.898418903350829523e-01,2.956392467021941584e-01,1.883762925863265436e-01,1.782914698123931607e-01,1.756041198968886774e-01,1.664870381355285367e-01,1.948095709085464200e-01,2.425498217344283503e-01,2.628628909587859552e-01,2.546596527099608820e-01,2.605853378772735041e-01,3.024436235427855890e-01,3.176203072071074884e-01,3.039713501930236261e-01,3.929015696048735462e-01,3.772195279598235529e-01,3.632836937904357355e-01,3.773005306720732532e-01,3.493499755859373890e-01,3.716647326946257990e-01,3.817763328552244984e-01,4.075995683670043390e-01,4.628514051437377375e-01,5.228506326675413929e-01,4.820045232772826593e-01,4.856569170951842151e-01,4.980472028255461536e-01,4.942057132720946155e-01,4.853807091712950550e-01,4.446226656436919611e-01,4.303475618362426203e-01,4.544094204902647816e-01,3.831915855407713734e-01,3.432092368602752130e-01,0.000000000000000000e+00,0.000000000000000000e+00,0.000000000000000000e+00,0.000000000000000000e+00,0.000000000000000000e+00,0.000000000000000000e+00,0.000000000000000000e+00,0.000000000000000000e+00,0.000000000000000000e+00,0.000000000000000000e+00,0.000000000000000000e+00
5.117104947566984696e-02,1.966910362243651789e-01,1.249456554651260237e-01,2.800301611423491877e-01,2.266119271516799649e-01,1.135051175951957564e-01,-2.984308904530923498e-26,-6.275216402588392865e-27,-3.158679057673446083e-27,2.329788915812968861e-02,3.231178969144820473e-02,4.379951059818266712e-01,4.018844366073607843e-01,3.936408162117003284e-01,2.101812958717345636e-01,1.825034469366073331e-01,1.050816252827644209e-01,1.337590366601943692e-01,1.466073989868163785e-01,1.762112379074096402e-01,1.892934888601302545e-01,1.866535246372222345e-01,1.955986768007278165e-01,1.753242462873458585e-01,2.433810830116271695e-01,2.796670198440551203e-01,3.233302533626555841e-01,3.107851445674895685e-01,3.873759806156157892e-01,4.056369662284849964e-01,3.760623931884764515e-01,3.744247555732726496e-01,3.677048087120055042e-01,3.837006688117980402e-01,4.000563919544218860e-01,4.382619261741637073e-01,4.672232568264006458e-01,4.783909618854522150e-01,4.819445610046386164e-01,4.727917611598967951e-01,4.768416583538054310e-01,4.498857259750365101e-01,4.531527459621428888e-01,4.200406074523924671e-01,5.219637155532835804e-01,4.849177300930022083e-01,3.974712789058684193e-01,3.466763496398924671e-01,0.000000000000000000e+00,0.000000000000000000e+00,0.000000000000000000e+00,0.000000000000000000e+00,0.000000000000000000e+00,0.000000000000000000e+00,0.000000000000000000e+00,0.000000000000000000e+00,0.000000000000000000e+00,0.000000000000000000e+00,0.000000000000000000e+00
8.030630648136137528e-02,1.956080794334411066e-01,1.425964385271072110e-01,2.818691134452819269e-01,2.699982523918151300e-01,1.866203993558883389e-01,-2.413979496122445523e-29,-5.285400994551726725e-27,2.556391991674899361e-02,4.748374596238134904e-02,1.628212071955203663e-02,4.235674738883971058e-01,3.860297799110411487e-01,3.694385886192321222e-01,2.045891731977462491e-01,1.892086118459700983e-01,6.377694755792616410e-02,2.346790023148059498e-02,5.045923218131063981e-02,1.436487287282943448e-01,1.744454652070998868e-01,1.706348210573196134e-01,2.206765413284301480e-01,2.166109681129455289e-01,1.902423501014709195e-01,2.370313107967376154e-01,2.843711674213408869e-01,3.659172952175139826e-01,4.081635475158690851e-01,4.262366294860838734e-01,3.845128118991850696e-01,3.899809122085570179e-01,3.944728672504424494e-01,4.028854966163634144e-01,4.081577658653258722e-01,4.547235667705534778e-01,4.572156965732573353e-01,5.485996007919310413e-01,4.920874238014220636e-01,4.684787690639495294e-01,4.691410362720488947e-01,4.501780271530150812e-01,4.370937347412108265e-01,4.215059280395507257e-01,5.300378799438475452e-01,4.591777026653288685e-01,4.279407560825346790e-01,3.835929036140441339e-01,0.000000000000000000e+00,0.000000000000000000e+00,0.000000000000000000e+00,0.000000000000000000e+00,0.000000000000000000e+00,0.000000000000000000e+00,0.000000000000000000e+00,0.000000000000000000e+00,0.000000000000000000e+00,0.000000000000000000e+00,0.000000000000000000e+00
2.225643396377562921e-01,2.911578118801116388e-01,2.363764047622680387e-01,2.991122603416442316e-01,2.735690176486968439e-01,2.428538054227828702e-01,3.145641088485717218e-01,2.987375259399413507e-01,3.357021808624266468e-01,2.741866409778594416e-01,2.633661925792693537e-01,3.575181066989898127e-01,3.243566453456878107e-01,2.980796098709105890e-01,1.793364733457565030e-01,1.853835880756377896e-01,1.274520903825759714e-02,-9.319290809057015290e-28,-4.301324626858844361e-26,4.981179907917975686e-02,1.262968778610229215e-01,2.033922076225280484e-01,2.445908039808273038e-01,2.312301695346831720e-01,1.996434628963469904e-01,2.011953741312026422e-01,2.993287444114684503e-01,3.911271989345549427e-01,4.466080367565154474e-01,4.604181051254271906e-01,3.847027719020842951e-01,3.892576098442076526e-01,3.749441206455229603e-01,3.943001925945280872e-01,4.084535539150236927e-01,4.570227563381193958e-01,4.702709913253783625e-01,5.365370512008665882e-01,5.111697912216185413e-01,4.865224063396453302e-01,4.987600743770598810e-01,4.527252316474913996e-01,4.520894587039946400e-01,4.550784826278685968e-01,4.618367552757262073e-01,4.526738524436949573e-01,4.785656630992888849e-01,4.863913953304289661e-01,0.000000000000000000e+00,0.000000000000000000e+00,0.000000000000000000e+00,0.000000000000000000e+00,0.000000000000000000e+00,0.000000000000000000e+00,0.000000000000000000e+00,0.000000000000000000e+00,0.000000000000000000e+00,0.000000000000000000e+00,0.000000000000000000e+00
3.833229839801787775e-01,3.988372087478637140e-01,3.927465975284575306e-01,4.156684577465056263e-01,2.794510126113891046e-01,2.539420425891875666e-01,3.060599863529204767e-01,1.253170669078826627e-01,1.288415491580962857e-01,1.999794542789458951e-01,2.241408824920653742e-01,3.190872669219970148e-01,2.898608744144439142e-01,1.871405094861983975e-01,1.444352567195892056e-01,1.234859824180602889e-01,-5.731366652106380800e-27,-3.467668507835391252e-27,-3.674111810067416710e-29,-1.473992850993221652e-27,7.977141439914701981e-02,1.903331875801086148e-01,2.582842707633971058e-01,2.753151357173919123e-01,1.668536067008971613e-01,3.141638934612273615e-01,3.472716510295866810e-01,3.916486501693725031e-01,4.601586461067199152e-01,4.278936982154845636e-01,3.835613727569578968e-01,3.958005905151366632e-01,3.660036921501159113e-01,3.707697093486785334e-01,3.811117410659788929e-01,4.603344500064849298e-01,4.854393601417540394e-01,5.008875131607054554e-01,4.853897392749785822e-01,5.256350040435789905e-01,5.328627228736876331e-01,5.131972432136534534e-01,4.980721771717070978e-01,5.194790959358214222e-01,4.852252900600432239e-01,5.091765522956847034e-01,5.059330463409422718e-01,4.695583283901214044e-01,0.000000000000000000e+00,0.000000000000000000e+00,0.000000000000000000e+00,0.000000000000000000e+00,0.000000000000000000e+00,0.000000000000000000e+00,0.000000000000000000e+00,0.000000000000000000e+00,0.000000000000000000e+00,0.000000000000000000e+00,0.000000000000000000e+00
4.180935025215148371e-01,4.356276392936705988e-01,4.204266667366027277e-01,4.083395302295683704e-01,3.001883029937743586e-01,2.761663794517516535e-01,3.096669018268584650e-01,1.515739560127258023e-01,1.494632810354232511e-01,2.111966758966445645e-01,2.019554227590560636e-01,3.038169741630553644e-01,2.790252566337584894e-01,1.882384866476058405e-01,1.349233090877532681e-01,1.227994412183761319e-01,-3.140426542548050371e-27,-6.838934695230185060e-28,-2.564898994763529392e-28,-8.621224271422635125e-29,1.444707363843917569e-01,2.037650495767592829e-01,2.645309865474700373e-01,2.948622405529021662e-01,2.550721764564513605e-01,2.890349030494689386e-01,2.952089011669158380e-01,3.799431324005126398e-01,4.545601010322569691e-01,4.172992408275603138e-01,4.001385569572447620e-01,4.199993908405302845e-01,3.759039640426634632e-01,3.804833292961120050e-01,4.123499393463134211e-01,4.736771881580352228e-01,5.104981660842894398e-01,4.824959039688109796e-01,4.755009412765502375e-01,5.183038711547850452e-01,5.225910544395445667e-01,5.020873546600340687e-01,5.000193715095518909e-01,5.195580124855040394e-01,5.117846131324766956e-01,5.420526266098021351e-01,5.619055032730101429e-01,5.187665820121764026e-01,0.000000000000000000e+00,0.000000000000000000e+00,0.000000000000000000e+00,0.000000000000000000e+00,0.000000000000000000e+00,0.000000000000000000e+00,0.000000000000000000e+00,0.000000000000000000e+00,0.000000000000000000e+00,0.000000000000000000e+00,0.000000000000000000e+00
3.645503520965575062e-01,3.879540562629698597e-01,3.702923357486723743e-01,3.415097296237945002e-01,2.470386624336242398e-01,2.241133004426955899e-01,2.043544650077819547e-01,1.902522444725036066e-01,1.830694377422332486e-01,2.093186378479003629e-01,2.004979699850081842e-01,1.461861878633498868e-01,1.538227051496505460e-01,1.712553501129150113e-01,1.612814515829086026e-01,1.211072131991386136e-01,-8.722250498804297510e-26,-2.034642849011080092e-27,-4.449094044145794546e-28,9.909410774707791414e-02,2.056334912776946466e-01,2.410226166248320978e-01,2.430720776319503507e-01,2.990058958530425470e-01,3.190400004386901300e-01,3.505064845085142933e-01,4.057079553604125421e-01,4.985423982143400989e-01,4.644405543804167591e-01,4.674401879310606800e-01,4.970660507678984485e-01,5.154832005500792347e-01,4.923874437808989923e-01,5.515553355216978870e-01,5.138599872589110218e-01,6.039780378341673694e-01,5.714019536972044788e-01,4.745113551616667591e-01,4.763623178005217396e-01,4.660968482494353138e-01,4.734771847724913441e-01,4.985657632350921076e-01,4.144566059112547718e-01,4.293471574783324640e-01,4.103312790393828235e-01,4.456685185432433527e-01,4.527948200702666681e-01,4.205577373504637562e-01,0.000000000000000000e+00,0.000000000000000000e+00,0.000000000000000000e+00,0.000000000000000000e+00,0.000000000000000000e+00,0.000000000000000000e+00,0.000000000000000000e+00,0.000000000000000000e+00,0.000000000000000000e+00,0.000000000000000000e+00,0.000000000000000000e+00
4.120776057243346058e-01,5.325925946235655628e-01,4.837609529495238703e-01,3.686038553714751087e-01,2.240897566080092829e-01,2.037366330623626154e-01,2.371254265308379849e-01,1.950539499521254938e-01,1.840561628341674250e-01,1.743453145027160089e-01,2.272773385047912043e-01,3.001222610473632257e-01,2.997728884220122736e-01,1.117453277111053189e-01,1.774025857448577603e-01,1.653488576412200650e-01,1.401423662900924336e-02,7.028948515653608842e-02,1.300244033336639127e-01,1.813731044530867975e-01,2.601933479309081476e-01,2.570091485977172296e-01,2.855486869812011164e-01,3.273122310638427179e-01,3.317432999610900324e-01,3.604788780212401789e-01,3.978613615036009632e-01,4.693778455257414661e-01,4.809846878051756702e-01,5.322945713996886097e-01,5.306237339973448597e-01,5.414414405822752796e-01,5.198672413825987659e-01,6.150044798851012073e-01,6.063949465751646839e-01,5.715236067771910511e-01,5.810350179672240101e-01,4.824256896972655140e-01,4.721316993236541193e-01,4.721854925155638538e-01,4.837901592254638117e-01,4.858591556549071155e-01,4.027163088321685236e-01,4.116292297840117853e-01,4.084937274456023615e-01,4.674927294254301868e-01,4.482463300228118341e-01,4.228608906269072931e-01,0.000000000000000000e+00,0.000000000000000000e+00,0.000000000000000000e+00,0.000000000000000000e+00,0.000000000000000000e+00,0.000000000000000000e+00,0.000000000000000000e+00,0.000000000000000000e+00,0.000000000000000000e+00,0.000000000000000000e+00,0.000000000000000000e+00
4.240432679653167169e-01,5.355784296989439808e-01,5.004628300666807972e-01,3.664101362228393000e-01,2.424178123474120539e-01,2.163511663675307672e-01,2.304907739162444513e-01,1.920733749866485041e-01,1.990518420934676569e-01,1.896122694015502375e-01,2.332828938961028775e-01,2.940162718296050470e-01,3.193679153919219416e-01,1.340396553277969083e-01,2.007198780775069913e-01,2.197214365005492609e-01,9.435313940048214998e-02,1.515213400125503262e-01,1.684425622224807184e-01,2.152970731258392056e-01,2.497946470975875299e-01,2.336895912885665338e-01,2.940518558025359552e-01,3.362693190574645441e-01,3.481205701828002375e-01,4.035294353961944025e-01,3.880844414234160267e-01,5.919935703277586780e-01,6.466184258460997425e-01,6.058449745178221546e-01,5.413779020309447132e-01,5.642623901367186390e-01,4.609282314777373712e-01,5.789237618446348987e-01,6.316487193107603870e-01,5.889236927032469593e-01,5.857369303703306995e-01,4.673338830471038263e-01,4.660971760749816339e-01,4.753972291946410578e-01,4.735086262226104181e-01,4.948464035987852894e-01,4.075562059879301868e-01,4.178351461887358509e-01,4.144589304924010120e-01,4.689535796642302912e-01,4.462110698223112903e-01,3.682180345058440607e-01,0.000000000000000000e+00,0.000000000000000000e+00,0.000000000000000000e+00,0.000000000000000000e+00,0.000000000000000000e+00,0.000000000000000000e+00,0.000000000000000000e+00,0.000000000000000000e+00,0.000000000000000000e+00,0.000000000000000000e+00,0.000000000000000000e+00
4.558299183845519464e-01,3.676160275936125599e-01,3.675930202007293146e-01,5.443908572196959339e-01,3.595698177814483087e-01,3.459261953830718439e-01,2.609909772872924250e-01,1.416308879852294644e-01,1.345231980085372647e-01,1.935873627662658414e-01,1.906304061412810724e-01,2.137429118156432550e-01,2.031290680170058649e-01,2.417284995317458829e-01,2.582837641239165705e-01,2.437000721693038385e-01,1.933556050062179288e-01,1.758351325988769254e-01,1.905927062034606378e-01,2.621257603168486994e-01,2.612467706203460138e-01,2.634886205196380060e-01,3.068100512027739923e-01,3.353143036365507923e-01,3.564143478870391291e-01,4.201236963272093616e-01,4.624722003936766468e-01,5.479372739791869007e-01,5.536673665046690784e-01,6.214275360107420765e-01,5.151317119598387562e-01,4.956766963005064808e-01,4.773465394973753773e-01,6.257757544517515980e-01,6.876797676086424671e-01,6.188895106315611683e-01,5.692573785781859241e-01,4.558912515640257679e-01,4.522462487220763605e-01,4.440079331398009144e-01,4.551727175712584339e-01,5.247758626937865101e-01,4.259519577026366632e-01,3.921111524105071466e-01,4.834314584732054554e-01,5.089376568794249378e-01,5.410819649696348987e-01,4.959286451339721125e-01,0.000000000000000000e+00,0.000000000000000000e+00,0.000000000000000000e+00,0.000000000000000000e+00,0.000000000000000000e+00,0.000000000000000000e+00,0.000000000000000000e+00,0.000000000000000000e+00,0.000000000000000000e+00,0.000000000000000000e+00,0.000000000000000000e+00
2.597610950469970148e-01,4.611721932888030451e-01,4.412082731723784845e-01,5.303586721420286976e-01,3.821326494216917835e-01,3.865349292755126398e-01,2.768144011497497003e-01,2.131134718656539639e-01,2.136109769344329556e-01,3.068942129611968439e-01,2.997500300407409113e-01,2.359603345394134244e-01,2.440203428268432340e-01,2.758243680000304621e-01,2.779808640480040949e-01,2.682679891586303156e-01,2.610484361648559015e-01,2.454549968242644986e-01,2.571833729743956964e-01,2.724655866622924250e-01,2.909930348396300714e-01,2.965302765369414728e-01,2.949001193046569269e-01,3.507828116416930597e-01,3.407675027847288929e-01,4.474170804023741566e-01,5.203786492347716175e-01,6.073330640792845569e-01,6.146301627159117542e-01,7.336816787719724342e-01,6.368923783302306019e-01,5.601211786270140491e-01,5.794014334678648792e-01,5.576547384262083851e-01,6.567222476005553089e-01,6.005632877349852405e-01,4.292923510074614368e-01,4.735484719276427112e-01,4.869972467422484796e-01,4.930853843688963734e-01,5.143202543258665882e-01,4.307484626770018421e-01,3.776201903820037287e-01,4.017250835895537220e-01,4.698331952095031183e-01,5.165725350379942737e-01,5.730736255645750843e-01,5.261396169662474476e-01,0.000000000000000000e+00,0.000000000000000000e+00,0.000000000000000000e+00,0.000000000000000000e+00,0.000000000000000000e+00,0.000000000000000000e+00,0.000000000000000000e+00,0.000000000000000000e+00,0.000000000000000000e+00,0.000000000000000000e+00,0.000000000000000000e+00
1.399948149919509610e-01,1.630769520998000821e-01,1.604718863964080533e-01,1.694251596927642267e-01,2.430169731378555020e-01,2.414634525775909146e-01,2.766006588935851496e-01,3.358134627342223566e-01,3.275233209133147638e-01,4.450671374797820490e-01,3.165977597236632746e-01,2.012619227170943936e-01,2.345275878906249722e-01,2.611688375473021906e-01,2.618469893932341974e-01,2.773537933826445978e-01,2.326536774635314664e-01,2.563765347003936212e-01,2.609157860279082697e-01,2.936164438724517267e-01,3.360790610313414417e-01,3.451223671436309259e-01,4.417600929737090509e-01,4.667659699916838489e-01,4.221915602684019886e-01,4.787191450595854603e-01,5.128099322319029651e-01,5.983625054359434925e-01,6.741634011268614612e-01,6.605375409126280628e-01,5.574486851692198597e-01,6.117567420005797230e-01,5.479305982589720569e-01,6.270670294761656605e-01,6.334768533706663929e-01,5.924463868141173206e-01,3.662910163402556263e-01,3.523725867271422230e-01,4.493211805820464533e-01,4.950299561023711048e-01,4.171163439750670276e-01,3.302223086357116144e-01,2.884352505207061212e-01,2.947273850440978449e-01,3.319246768951415461e-01,4.200936257839201771e-01,4.692124724388122003e-01,4.252888262271879993e-01,0.000000000000000000e+00,0.000000000000000000e+00,0.000000000000000000e+00,0.000000000000000000e+00,0.000000000000000000e+00,0.000000000000000000e+00,0.000000000000000000e+00,0.000000000000000000e+00,0.000000000000000000e+00,0.000000000000000000e+00,0.000000000000000000e+00
1.614746302366256436e-01,2.036326378583907526e-01,1.977476328611373624e-01,2.013085782527923306e-01,2.485022395849227350e-01,2.485757321119308194e-01,2.810502052307128351e-01,3.414068818092345081e-01,3.074906170368194025e-01,4.463700354099273127e-01,3.664599061012266956e-01,2.312791645526885709e-01,2.549201846122741144e-01,2.860582470893859308e-01,2.846868932247161310e-01,3.053345382213591974e-01,2.631341814994811457e-01,2.876730561256408136e-01,2.924450039863585871e-01,3.033260703086852472e-01,3.543333709239958607e-01,3.687072396278380237e-01,4.447195231914519709e-01,4.795268774032592218e-01,4.786244332790373646e-01,5.221489667892454944e-01,5.759553909301756702e-01,6.395809054374693714e-01,6.956878304481504127e-01,6.968902349472044788e-01,5.847818255424498401e-01,6.169927120208739124e-01,5.999661087989806019e-01,6.164244413375853382e-01,5.866733789443968616e-01,5.559107065200804554e-01,4.879800379276274525e-01,4.081649482250213068e-01,3.261461555957793634e-01,3.479728400707243763e-01,2.950859069824218195e-01,3.126409053802489679e-01,3.169749379158019464e-01,3.224117755889892023e-01,3.969274163246153675e-01,4.725070297718047541e-01,4.742312729358671985e-01,4.326570630073546808e-01,0.000000000000000000e+00,0.000000000000000000e+00,0.000000000000000000e+00,0.000000000000000000e+00,0.000000000000000000e+00,0.000000000000000000e+00,0.000000000000000000e+00,0.000000000000000000e+00,0.000000000000000000e+00,0.000000000000000000e+00,0.000000000000000000e+00
2.583577036857604425e-01,1.991606652736663263e-01,1.856588274240493219e-01,1.886251717805862149e-01,1.910877823829650601e-01,1.947382539510726374e-01,2.204032540321349820e-01,1.746582686901091974e-01,1.103159785270690779e-01,1.818534880876540583e-01,1.574004441499709805e-01,1.945741921663283747e-01,1.880117356777190607e-01,2.422052770853042047e-01,2.739366292953490656e-01,3.169306218624114435e-01,3.177005648612975519e-01,3.287112414836882990e-01,3.344014286994932972e-01,3.153171241283416193e-01,3.490833640098571222e-01,3.633905947208403431e-01,4.340146780014036976e-01,4.503922462463378351e-01,4.931809306144713245e-01,5.330734848976134144e-01,6.064204573631285511e-01,6.596671342849730335e-01,6.348352432250975452e-01,7.346815466880796119e-01,6.258820295333861194e-01,5.937786102294920765e-01,6.029397845268248401e-01,5.809153914451598011e-01,5.870577096939085804e-01,6.288026571273802601e-01,4.896041154861449085e-01,4.928102493286132257e-01,3.489109873771666370e-01,2.980514466762542169e-01,2.861575484275817316e-01,3.820475339889525812e-01,3.270027339458465021e-01,3.909411430358885609e-01,3.933431506156920832e-01,3.919480443000792902e-01,4.355042576789855402e-01,3.954693078994749866e-01,0.000000000000000000e+00,0.000000000000000000e+00,0.000000000000000000e+00,0.000000000000000000e+00,0.000000000000000000e+00,0.000000000000000000e+00,0.000000000000000000e+00,0.000000000000000000e+00,0.000000000000000000e+00,0.000000000000000000e+00,0.000000000000000000e+00
2.973858416080474298e-01,2.393619269132613858e-01,2.319829910993575772e-01,2.551966309547423761e-01,2.568161487579345148e-01,2.571488022804259699e-01,2.245349138975142878e-01,1.448326706886291226e-01,7.534569501876829667e-02,1.175967138260602604e-02,6.980548053979872269e-02,1.225973740220069608e-01,1.387716084718703946e-01,2.103240191936492642e-01,2.396396547555922907e-01,2.902394831180571955e-01,3.239680528640746515e-01,3.353788256645202082e-01,3.410103023052214466e-01,3.222689032554625910e-01,3.493000268936156671e-01,3.625610172748565119e-01,4.336318373680113636e-01,4.202485978603362482e-01,4.758734405040739857e-01,4.913802444934844416e-01,5.555237531661986194e-01,6.310799121856688343e-01,6.793178915977475807e-01,6.400400400161742054e-01,6.056258678436278187e-01,6.131737828254698597e-01,5.898621678352354847e-01,6.365870237350462757e-01,6.434594988822935901e-01,5.960226058959959827e-01,5.114114880561827503e-01,5.100021958351134144e-01,4.896107912063597523e-01,5.332349538803099476e-01,4.234201610088347278e-01,4.117992818355559748e-01,3.859287202358245294e-01,3.678461909294127863e-01,3.857373893260955255e-01,3.598510622978209339e-01,4.213208258152007502e-01,3.319609165191649836e-01,0.000000000000000000e+00,0.000000000000000000e+00,0.000000000000000000e+00,0.000000000000000000e+00,0.000000000000000000e+00,0.000000000000000000e+00,0.000000000000000000e+00,0.000000000000000000e+00,0.000000000000000000e+00,0.000000000000000000e+00,0.000000000000000000e+00
2.971059381961821955e-01,2.489835321903228482e-01,2.801915109157561701e-01,3.037186563014983576e-01,2.795879542827605646e-01,2.827798724174498957e-01,2.726166844367980402e-01,1.810677647590636929e-01,1.046658903360366544e-01,7.220207154750822587e-02,7.389333099126814408e-02,1.120619997382163724e-01,1.368276774883269986e-01,1.707873791456222257e-01,2.162279784679412564e-01,2.757151126861571711e-01,2.966223061084746759e-01,3.244993984699248712e-01,3.587761819362639826e-01,3.283229172229766291e-01,3.674120306968688410e-01,3.766688108444212757e-01,4.755562543869018000e-01,4.541361927986143909e-01,4.823858439922331653e-01,5.055137872695921741e-01,5.382531881332396351e-01,6.421393752098082386e-01,6.756181716918944202e-01,6.988767385482785865e-01,5.897170901298521839e-01,5.387368202209471546e-01,5.569658279418944202e-01,6.290126442909239612e-01,6.057671308517454944e-01,6.168651580810545765e-01,4.784580171108245294e-01,5.095752477645872913e-01,5.248582959175108753e-01,4.835062921047210138e-01,5.070249438285826526e-01,5.027921795845030628e-01,3.541423082351683460e-01,3.419061899185179554e-01,3.798175752162932239e-01,3.739897608757017933e-01,3.702208697795866810e-01,2.989096939563750666e-01,0.000000000000000000e+00,0.000000000000000000e+00,0.000000000000000000e+00,0.000000000000000000e+00,0.000000000000000000e+00,0.000000000000000000e+00,0.000000000000000000e+00,0.000000000000000000e+00,0.000000000000000000e+00,0.000000000000000000e+00,0.000000000000000000e+00
3.281087577342986505e-01,3.246529996395110529e-01,2.711826860904693048e-01,2.965369522571563166e-01,3.060161471366881769e-01,2.934986948966978870e-01,2.481869459152221402e-01,1.849464178085326871e-01,1.391974091529845914e-01,1.391614675521850308e-01,1.595750451087951383e-01,1.560657471418380460e-01,1.384005695581435880e-01,1.749491095542907437e-01,1.948216855525969904e-01,2.510500550270080011e-01,2.586591243743895929e-01,3.062898218631743830e-01,3.268828690052031916e-01,3.605952858924864612e-01,3.730335533618926447e-01,3.814668059349059503e-01,4.581647217273711048e-01,4.414405226707457941e-01,4.647346436977385364e-01,4.725828468799590509e-01,4.871929585933684193e-01,5.252305269241331898e-01,6.319510936737059437e-01,6.039156913757323109e-01,5.567285418510435901e-01,5.123373866081236683e-01,4.656031727790831409e-01,4.754788577556608997e-01,5.300341248512266956e-01,5.047992467880247913e-01,4.557766020298003595e-01,4.763191640377043568e-01,4.158165752887725275e-01,3.708227574825286310e-01,3.677927553653715931e-01,4.741110801696776234e-01,3.802661597728728693e-01,3.841206431388853870e-01,3.337736427783964954e-01,2.845442891120910089e-01,2.720764279365538996e-01,2.606195807456969660e-01,0.000000000000000000e+00,0.000000000000000000e+00,0.000000000000000000e+00,0.000000000000000000e+00,0.000000000000000000e+00,0.000000000000000000e+00,0.000000000000000000e+00,0.000000000000000000e+00,0.000000000000000000e+00,0.000000000000000000e+00,0.000000000000000000e+00
3.173413276672362726e-01,3.169084787368773859e-01,3.464727997779845081e-01,3.395795822143554132e-01,3.486362695693968616e-01,3.392315208911895197e-01,2.955313324928283136e-01,2.683383524417876642e-01,2.429938167333602350e-01,2.387211173772811335e-01,2.481235265731810968e-01,2.436923384666442594e-01,2.127057164907454889e-01,2.092340141534804743e-01,2.307080477476119718e-01,2.537513375282287043e-01,2.630640566349028431e-01,2.695617675781249445e-01,3.150097131729125421e-01,3.576841652393340509e-01,3.621974587440490168e-01,3.574065566062926691e-01,4.490431845188139759e-01,4.818634092807768665e-01,4.742858409881590687e-01,4.609158933162688099e-01,5.176961421966551624e-01,5.393015742301939808e-01,6.552073955535887562e-01,6.361307501792906605e-01,6.313722133636473499e-01,6.538751721382140003e-01,5.149722099304198109e-01,4.829715192317961536e-01,5.034990906715391956e-01,4.705027937889098011e-01,4.286336302757262073e-01,4.985175728797911487e-01,4.698706567287444513e-01,4.987063705921172541e-01,4.466055035591124378e-01,4.157187342643737238e-01,3.480342030525206964e-01,3.635695576667784534e-01,3.725869059562682550e-01,3.615551292896270197e-01,3.990023136138915461e-01,3.557637333869932972e-01,0.000000000000000000e+00,0.000000000000000000e+00,0.000000000000000000e+00,0.000000000000000000e+00,0.000000000000000000e+00,0.000000000000000000e+00,0.000000000000000000e+00,0.000000000000000000e+00,0.000000000000000000e+00,0.000000000000000000e+00,0.000000000000000000e+00
2.551416456699370783e-01,2.756372392177581232e-01,3.352977931499480091e-01,3.496600389480589710e-01,3.863947391510009211e-01,3.754239678382872425e-01,3.457584679126738392e-01,3.014456033706664484e-01,2.868692874908446711e-01,3.002696931362151544e-01,2.862140536308288019e-01,2.766245305538176935e-01,2.404862940311431607e-01,2.735677957534789484e-01,2.650918066501616877e-01,2.324365228414535245e-01,2.730635702610015314e-01,2.579855918884276789e-01,3.268947899341582697e-01,3.513158559799193226e-01,3.566412925720213734e-01,3.518543243408202015e-01,4.648481309413908802e-01,5.164725780487059437e-01,5.101859569549559437e-01,4.752748608589171253e-01,5.118064284324644886e-01,5.230470299720763050e-01,6.265413761138914905e-01,6.427361369132994495e-01,6.493391990661619984e-01,6.836134791374205433e-01,5.412656068801878773e-01,4.842166602611541193e-01,4.988135099411009632e-01,4.750311076641082209e-01,4.552974402904509943e-01,5.368418693542479359e-01,4.284961223602294367e-01,4.057040214538573109e-01,3.822426497936247669e-01,3.548615574836729847e-01,3.785117268562316339e-01,3.824131190776823841e-01,4.217017292976378284e-01,3.814108073711394153e-01,4.604727029800414484e-01,4.034169316291807972e-01,0.000000000000000000e+00,0.000000000000000000e+00,0.000000000000000000e+00,0.000000000000000000e+00,0.000000000000000000e+00,0.000000000000000000e+00,0.000000000000000000e+00,0.000000000000000000e+00,0.000000000000000000e+00,0.000000000000000000e+00,0.000000000000000000e+00
1.706231236457824429e-01,2.725453078746795099e-01,3.798291981220244251e-01,3.874621093273162287e-01,4.076380729675291859e-01,4.229703247547148548e-01,4.040127992630003773e-01,3.265054523944854181e-01,3.230805099010466974e-01,3.031944036483764093e-01,3.010926842689513605e-01,3.159043490886687677e-01,2.966397106647490900e-01,2.794544398784636896e-01,2.834922671318053644e-01,2.632758319377898615e-01,2.680560946464538019e-01,2.645529806613921564e-01,3.096376955509185236e-01,3.270703852176665705e-01,3.428806066513060968e-01,3.325016498565673273e-01,4.781476259231566273e-01,5.077154636383055530e-01,4.908176064491270862e-01,5.250406265258787952e-01,5.315172076225279651e-01,5.566263198852537952e-01,5.930569767951964222e-01,6.699549555778502308e-01,6.896051168441771351e-01,6.840919852256772682e-01,6.350203156471251331e-01,5.500620603561400257e-01,5.166748166084288441e-01,5.436015129089354359e-01,5.571435093879698597e-01,5.013811588287352405e-01,5.063102245330809437e-01,4.383523166179656427e-01,3.818004727363585871e-01,3.581475317478179377e-01,3.735376298427580677e-01,4.028628468513488214e-01,4.005326628684997003e-01,4.038695693016051691e-01,4.218347370624541681e-01,3.836333751678465687e-01,0.000000000000000000e+00,0.000000000000000000e+00,0.000000000000000000e+00,0.000000000000000000e+00,0.000000000000000000e+00,0.000000000000000000e+00,0.000000000000000000e+00,0.000000000000000000e+00,0.000000000000000000e+00,0.000000000000000000e+00,0.000000000000000000e+00
1.163047924637794356e-01,2.238082289695739191e-01,3.803455233573912464e-01,4.191976487636565052e-01,4.360063374042509876e-01,4.660283327102660578e-01,4.733378887176512562e-01,3.715772628784178577e-01,3.590039312839506946e-01,3.383379578590391956e-01,3.225709795951842707e-01,3.414072990417479359e-01,3.258264362812041681e-01,3.063075840473174494e-01,2.967774868011465728e-01,2.880540788173674982e-01,2.778002023696898859e-01,2.372721433639525812e-01,2.626782953739165705e-01,3.154065907001494806e-01,3.388070166110991321e-01,2.989748418331145685e-01,4.646404981613158625e-01,5.113982558250426136e-01,5.099318027496336780e-01,5.443223118782042347e-01,5.541657209396361194e-01,5.464983582496641956e-01,6.073082089424132191e-01,6.063997149467467151e-01,6.767888069152829811e-01,6.755639314651488148e-01,5.884591937065123401e-01,5.358009338378905140e-01,5.510908961296080433e-01,5.337359905242918812e-01,4.924884438514708362e-01,5.059928894042967640e-01,5.352673530578612171e-01,4.809836149215697132e-01,4.635693430900573175e-01,4.823830425739287775e-01,4.770486354827879749e-01,4.756975471973418079e-01,4.346441328525542103e-01,4.387518763542174183e-01,4.414547979831694446e-01,4.000848531723021351e-01,0.000000000000000000e+00,0.000000000000000000e+00,0.000000000000000000e+00,0.000000000000000000e+00,0.000000000000000000e+00,0.000000000000000000e+00,0.000000000000000000e+00,0.000000000000000000e+00,0.000000000000000000e+00,0.000000000000000000e+00,0.000000000000000000e+00
1.272245645523071012e-01,2.400877922773360928e-01,4.109471142292021595e-01,4.395573437213896595e-01,4.523478448390960138e-01,4.627185463905333918e-01,4.624434113502501331e-01,4.575663506984709583e-01,4.307544529438017689e-01,4.076708257198333185e-01,3.879966735839843195e-01,3.925788700580596369e-01,3.912525177001952015e-01,3.586284518241881769e-01,3.500018119812010609e-01,3.419839441776275080e-01,3.253459632396697443e-01,3.021020889282226007e-01,2.871638238430022638e-01,2.914784848690032404e-01,3.229593634605407160e-01,3.345629572868346613e-01,4.200498163700103205e-01,4.693319797515868586e-01,4.885754883289336048e-01,4.816439449787139337e-01,5.166698098182677112e-01,5.666241049766539417e-01,6.070832014083861194e-01,5.826593041419981800e-01,6.062572598457335316e-01,6.222643852233885609e-01,5.516241192817686878e-01,5.602705478668211780e-01,5.873397588729857288e-01,5.677750706672667347e-01,4.819321930408477228e-01,4.788877665996550403e-01,5.189878344535826526e-01,5.398232936859129749e-01,5.286599397659300648e-01,5.892744064331053577e-01,4.854989051818847101e-01,4.856310486793516956e-01,4.574993252754210871e-01,4.516807794570921741e-01,4.495628774166106068e-01,3.722532093524931751e-01,0.000000000000000000e+00,0.000000000000000000e+00,0.000000000000000000e+00,0.000000000000000000e+00,0.000000000000000000e+00,0.000000000000000000e+00,0.000000000000000000e+00,0.000000000000000000e+00,0.000000000000000000e+00,0.000000000000000000e+00,0.000000000000000000e+00
2.807151377201079767e-01,3.364096581935882013e-01,4.677086174488066517e-01,4.866819083690642755e-01,5.326380729675291859e-01,5.329617261886595569e-01,5.023429393768309437e-01,5.278470516204832874e-01,5.098146200180052601e-01,4.755768179893492542e-01,4.619485139846800648e-01,4.307318329811095636e-01,4.346323311328886829e-01,4.129663407802580677e-01,3.928242623805993095e-01,3.778120279312133234e-01,3.556943833827971857e-01,3.321048915386199396e-01,3.159308433532714289e-01,3.110855519771575373e-01,3.243860602378844660e-01,3.407605588436125599e-01,4.126885533332823597e-01,4.383968114852904718e-01,4.453578591346740168e-01,5.057424306869505726e-01,5.153024792671202503e-01,5.473755598068236194e-01,5.464028716087340198e-01,5.877946615219115101e-01,5.811889767646788441e-01,5.959275364875792347e-01,4.897478222846983753e-01,5.317892432212828480e-01,5.757431983947752796e-01,4.708326756954192005e-01,4.746216535568236750e-01,4.924246668815612238e-01,4.866514205932616077e-01,4.707170128822325550e-01,5.553061962127684437e-01,5.912805199623106800e-01,5.238780379295348011e-01,5.258522629737852894e-01,5.061034560203551136e-01,4.589059352874755304e-01,4.648711979389190119e-01,3.237761259078978937e-01,0.000000000000000000e+00,0.000000000000000000e+00,0.000000000000000000e+00,0.000000000000000000e+00,0.000000000000000000e+00,0.000000000000000000e+00,0.000000000000000000e+00,0.000000000000000000e+00,0.000000000000000000e+00,0.000000000000000000e+00,0.000000000000000000e+00
5.664029717445372425e-01,5.712022781372069202e-01,5.676195025444029651e-01,5.569164752960203968e-01,5.730062723159788929e-01,5.409114360809325062e-01,4.667986929416655384e-01,5.349581837654112659e-01,5.080855488777159534e-01,4.440218508243559681e-01,4.280138313770293079e-01,3.798713386058806818e-01,4.040160477161406360e-01,4.421665370464324396e-01,4.135519564151763361e-01,4.052428007125853937e-01,3.660296499729155939e-01,3.449414074420927845e-01,3.460660874843596302e-01,3.465721011161803089e-01,3.605558276176452082e-01,3.784133791923522394e-01,4.144032895565032404e-01,4.246158003807066761e-01,4.292186200618743341e-01,4.680784046649932306e-01,4.922161698341368519e-01,5.141032934188841663e-01,5.251790285110472523e-01,5.166751146316527210e-01,5.580988526344298206e-01,5.608960986137389026e-01,4.672887325286864679e-01,5.231034159660338245e-01,5.659208297729491077e-01,5.770383477210997425e-01,6.248843669891356312e-01,4.892320930957793079e-01,5.141567587852476917e-01,5.270651578903197132e-01,5.295693874359129749e-01,5.856696963310240589e-01,5.119451284408568226e-01,5.174115300178526722e-01,5.039880871772765003e-01,4.845305979251861017e-01,4.644427895545958918e-01,3.978858888149260364e-01,0.000000000000000000e+00,0.000000000000000000e+00,0.000000000000000000e+00,0.000000000000000000e+00,0.000000000000000000e+00,0.000000000000000000e+00,0.000000000000000000e+00,0.000000000000000000e+00,0.000000000000000000e+00,0.000000000000000000e+00,0.000000000000000000e+00
6.474089026451109730e-01,6.594232320785521351e-01,6.349457502365111194e-01,5.992454290390013538e-01,5.381212830543516956e-01,5.022066831588744007e-01,4.332395493984221857e-01,5.020934939384459339e-01,5.034026503562926136e-01,4.717611968517302357e-01,4.085174798965452991e-01,3.501598238945006214e-01,3.898395001888274036e-01,4.582512080669402521e-01,4.433228373527526300e-01,4.050120413303374134e-01,3.651152849197387140e-01,3.466923534870146595e-01,3.401569724082945667e-01,3.543827533721922718e-01,3.655882477760314386e-01,3.789517581462858997e-01,4.439118206501005970e-01,4.274056553840636652e-01,4.452722966670988880e-01,4.729585051536559503e-01,5.019093751907347523e-01,5.397161841392515980e-01,5.272341370582579456e-01,5.099599361419676624e-01,5.215223431587218128e-01,5.282455682754515491e-01,4.709473252296447199e-01,5.123786330223082386e-01,5.123931765556334339e-01,5.826446413993834339e-01,6.095933318138121448e-01,4.848384559154509943e-01,4.960267543792724054e-01,5.336610674858092151e-01,5.480250716209410511e-01,5.674928426742552601e-01,4.841883778572081409e-01,5.015791058540343128e-01,5.021427273750304066e-01,4.771903455257414661e-01,4.574682712554931086e-01,3.933650851249694269e-01,0.000000000000000000e+00,0.000000000000000000e+00,0.000000000000000000e+00,0.000000000000000000e+00,0.000000000000000000e+00,0.000000000000000000e+00,0.000000000000000000e+00,0.000000000000000000e+00,0.000000000000000000e+00,0.000000000000000000e+00,0.000000000000000000e+00
7.096935510635357103e-01,6.040121316909788929e-01,5.241087079048155628e-01,5.160413980484007679e-01,4.898108541965483509e-01,4.601235687732695423e-01,3.923221230506896418e-01,4.679329097270965021e-01,4.802662134170531116e-01,4.861741662025451105e-01,4.631381034851073664e-01,4.155097305774688166e-01,4.552044272422789417e-01,4.966931045055388294e-01,4.823904335498809259e-01,4.595682322978972834e-01,4.221052527427672785e-01,3.670354485511778675e-01,3.622537553310393177e-01,3.704065978527067982e-01,3.830174207687377375e-01,3.980027139186858576e-01,4.749180972576140802e-01,4.619196951389312189e-01,4.979512095451354425e-01,4.901556968688963734e-01,5.249431729316710316e-01,4.702056646347045343e-01,5.930375456809996448e-01,5.210848450660704456e-01,5.098891258239744984e-01,5.025755763053892933e-01,4.502503871917723499e-01,4.878025352954863947e-01,5.299398899078368030e-01,5.871611833572386585e-01,6.381688714027403675e-01,5.321935415267943226e-01,5.430997014045714222e-01,5.592985749244688831e-01,5.829647183418272816e-01,6.057368516921995960e-01,4.974943101406096857e-01,4.500510394573210560e-01,4.832605123519896906e-01,5.142353177070616566e-01,5.060458779335020862e-01,4.361467361450194757e-01,0.000000000000000000e+00,0.000000000000000000e+00,0.000000000000000000e+00,0.000000000000000000e+00,0.000000000000000000e+00,0.000000000000000000e+00,0.000000000000000000e+00,0.000000000000000000e+00,0.000000000000000000e+00,0.000000000000000000e+00,0.000000000000000000e+00
6.881216168403623268e-01,6.691541075706480823e-01,5.789455771446226917e-01,5.520331263542174183e-01,5.310915708541869007e-01,4.959157109260558527e-01,4.700192511081694446e-01,4.445529580116270862e-01,4.768810868263243519e-01,4.733971953392027698e-01,4.687988162040709339e-01,4.072207808494567316e-01,4.269920885562896173e-01,4.746975302696227472e-01,4.380131959915160578e-01,4.402308464050291859e-01,4.517843425273894709e-01,3.922117650508880060e-01,4.268278479576109730e-01,4.198793172836302601e-01,4.129197597503660999e-01,4.034787714481352650e-01,4.217504858970641535e-01,3.949598968029021107e-01,4.435064792633056086e-01,4.275191426277160089e-01,4.183893501758574884e-01,3.579204082489012562e-01,5.406225919723509632e-01,5.244963765144347034e-01,4.950481653213499866e-01,4.764023125171660822e-01,4.586271047592161976e-01,4.915712475776671808e-01,5.332139730453490101e-01,6.188417077064513050e-01,6.317512392997740589e-01,5.354888439178465687e-01,5.905153751373289905e-01,6.185134053230284534e-01,5.702739357948302112e-01,5.534948706626890980e-01,5.182315707206724964e-01,4.989853501319884144e-01,4.165154695510863148e-01,4.559261798858642023e-01,5.176262259483336292e-01,4.383490085601805530e-01,0.000000000000000000e+00,0.000000000000000000e+00,0.000000000000000000e+00,0.000000000000000000e+00,0.000000000000000000e+00,0.000000000000000000e+00,0.000000000000000000e+00,0.000000000000000000e+00,0.000000000000000000e+00,0.000000000000000000e+00,0.000000000000000000e+00
6.828156709671019398e-01,6.139406561851500355e-01,5.477931499481200062e-01,5.275472998619078480e-01,4.774918626491263529e-01,4.780900478363036554e-01,4.967863559722899836e-01,4.298590421676634632e-01,4.671682119369506281e-01,4.776560664176940363e-01,4.716944694519041859e-01,4.409829080104827326e-01,4.181511104106901966e-01,4.849371910095214289e-01,4.413439035415648859e-01,4.727112352848051868e-01,4.669865071773528498e-01,4.389262497425078235e-01,4.575541317462920587e-01,4.559761583805083673e-01,4.561681449413298450e-01,4.418419897556304377e-01,3.927579522132872980e-01,3.758047819137572132e-01,3.918897807598113459e-01,3.987851738929747980e-01,4.035469591617583118e-01,3.719522953033446711e-01,4.886518716812132679e-01,5.179437398910521351e-01,4.733173251152038019e-01,4.815948307514189564e-01,4.607478082180022638e-01,5.040057897567747913e-01,5.520601868629454456e-01,6.256245374679564319e-01,6.352667212486265980e-01,5.601367950439452015e-01,5.938615202903746448e-01,6.134359836578368030e-01,5.081479549407957874e-01,4.281521141529082697e-01,4.444258511066435657e-01,3.835128247737883411e-01,4.151615798473357044e-01,4.975495934486388050e-01,5.079505443572996937e-01,4.379426836967467707e-01,0.000000000000000000e+00,0.000000000000000000e+00,0.000000000000000000e+00,0.000000000000000000e+00,0.000000000000000000e+00,0.000000000000000000e+00,0.000000000000000000e+00,0.000000000000000000e+00,0.000000000000000000e+00,0.000000000000000000e+00,0.000000000000000000e+00
6.581268906593321644e-01,5.879934430122374378e-01,5.045758485794066273e-01,4.835512638092040461e-01,4.630688726901973640e-01,4.755296707153319202e-01,4.923722445964812122e-01,4.468825459480285089e-01,4.807707965373992365e-01,4.916824996471404474e-01,4.708246290683745783e-01,4.842912256717681330e-01,4.685964286327361505e-01,4.437939226627348743e-01,4.534547924995421808e-01,4.760074317455290638e-01,5.063297748565672718e-01,4.638769626617430530e-01,4.891830682754516046e-01,4.851064383983610950e-01,4.702509045600890003e-01,4.699347913265227716e-01,4.058327376842498224e-01,4.054168164730071466e-01,4.222940504550933283e-01,4.394408464431762140e-01,5.220456719398497425e-01,4.911406338214873712e-01,5.316662788391112171e-01,5.378512144088744007e-01,5.039134621620177112e-01,4.766824841499328058e-01,4.408156275749205433e-01,5.069456100463866077e-01,5.273557901382445179e-01,6.170258522033690296e-01,6.524156928062437855e-01,5.686872005462645374e-01,5.886321663856505237e-01,6.052914857864378773e-01,5.283384919166563831e-01,5.320046544075011097e-01,4.992356598377227228e-01,5.057845711708067737e-01,4.929979145526885431e-01,4.790828227996825617e-01,4.936641156673430286e-01,4.348422288894652765e-01,0.000000000000000000e+00,0.000000000000000000e+00,0.000000000000000000e+00,0.000000000000000000e+00,0.000000000000000000e+00,0.000000000000000000e+00,0.000000000000000000e+00,0.000000000000000000e+00,0.000000000000000000e+00,0.000000000000000000e+00,0.000000000000000000e+00
6.714206337928770862e-01,5.732697248458861194e-01,5.049142837524412952e-01,4.786247611045836292e-01,4.636559486389159601e-01,4.761843681335448109e-01,5.094758272171019398e-01,4.533725082874297541e-01,4.756986200809478205e-01,5.099437236785887562e-01,4.273994266986845814e-01,4.721451997756956898e-01,4.794649779796599787e-01,4.850298464298247181e-01,4.532476067543029230e-01,4.698520004749297541e-01,4.987754821777343195e-01,4.639143049716948908e-01,4.385970234870909534e-01,4.433414041996001642e-01,4.893940091133117121e-01,5.050908923149107776e-01,4.292661249637603205e-01,4.674976468086242121e-01,4.840573966503142200e-01,4.483841955661773127e-01,4.409174621105192982e-01,4.865830838680266779e-01,4.960252344608305775e-01,5.123355388641356312e-01,4.934504926204680286e-01,4.743948876857757013e-01,4.207186400890349787e-01,4.723230004310607355e-01,5.129722356796263538e-01,6.384721994400023304e-01,6.510769128799437366e-01,5.609106421470640980e-01,5.627725124359129749e-01,5.766218900680540882e-01,5.951946973800658069e-01,6.108071208000181995e-01,4.826849997043609064e-01,4.785031974315642755e-01,4.723250567913054310e-01,4.787957072257995050e-01,4.674861431121825062e-01,4.063156843185424250e-01,0.000000000000000000e+00,0.000000000000000000e+00,0.000000000000000000e+00,0.000000000000000000e+00,0.000000000000000000e+00,0.000000000000000000e+00,0.000000000000000000e+00,0.000000000000000000e+00,0.000000000000000000e+00,0.000000000000000000e+00,0.000000000000000000e+00
5.952387452125548206e-01,6.009582877158961001e-01,5.170542597770689808e-01,4.797361791133879505e-01,4.448037743568419855e-01,4.537390470504760187e-01,4.760248363018035334e-01,4.787566661834715687e-01,5.062956809997557484e-01,4.608995318412779651e-01,4.466719627380369984e-01,4.702289700508117121e-01,4.748952090740202747e-01,4.580763876438139759e-01,5.481969118118285023e-01,5.276384353637694202e-01,4.815609753131865900e-01,4.366025030612944446e-01,4.180907011032103382e-01,3.449377417564390980e-01,4.002992212772368275e-01,4.027890563011168878e-01,4.266041815280913752e-01,4.840418100357054554e-01,3.188479244709014337e-01,3.115433156490325373e-01,4.028550684452055775e-01,4.254933297634123646e-01,4.292385578155516468e-01,4.570188820362089954e-01,5.030084848403929554e-01,4.713232219219207209e-01,4.406405985355376087e-01,4.863984286785124622e-01,4.950246512889861505e-01,5.726918578147887073e-01,6.161164641380308948e-01,5.380333662033079944e-01,5.611419677734373890e-01,5.512971878051756702e-01,5.675091743469237171e-01,5.535776019096373401e-01,4.515981972217558704e-01,4.553194642066954456e-01,4.515064060688018244e-01,4.393964409828185480e-01,4.372347891330717884e-01,3.731957674026488148e-01,0.000000000000000000e+00,0.000000000000000000e+00,0.000000000000000000e+00,0.000000000000000000e+00,0.000000000000000000e+00,0.000000000000000000e+00,0.000000000000000000e+00,0.000000000000000000e+00,0.000000000000000000e+00,0.000000000000000000e+00,0.000000000000000000e+00
5.230635404586790882e-01,5.372568964958189808e-01,5.151264071464537464e-01,5.146712660789488636e-01,4.923822581768035334e-01,4.929544329643248401e-01,4.445390701293944202e-01,4.753763973712920587e-01,4.546044468879699152e-01,3.967328667640685480e-01,3.783845901489256702e-01,4.209298491477965753e-01,4.455639719963073175e-01,4.817838370800017200e-01,5.001140832900999866e-01,5.239007472991942249e-01,5.667894482612608753e-01,4.194613993167876642e-01,3.240610957145690363e-01,2.516564428806304377e-01,2.485881596803664606e-01,3.380944430828093372e-01,2.652238309383391779e-01,3.370438516139983021e-01,2.450083494186401090e-01,3.304343819618224543e-01,3.661251366138457697e-01,3.431142568588256281e-01,3.683396875858305775e-01,4.365582168102263294e-01,4.676291644573211115e-01,4.607112109661101740e-01,3.922286033630369984e-01,4.581361711025236927e-01,4.170467555522918146e-01,4.039763808250426136e-01,4.144634604454039972e-01,5.409561395645140491e-01,5.724059939384459339e-01,5.721173286437987171e-01,5.726225376129149280e-01,4.779599308967589777e-01,4.519172310829162043e-01,4.724637567996978205e-01,4.857321679592132013e-01,4.568400681018828235e-01,4.558379352092741810e-01,3.834836184978484552e-01,0.000000000000000000e+00,0.000000000000000000e+00,0.000000000000000000e+00,0.000000000000000000e+00,0.000000000000000000e+00,0.000000000000000000e+00,0.000000000000000000e+00,0.000000000000000000e+00,0.000000000000000000e+00,0.000000000000000000e+00,0.000000000000000000e+00
4.759733676910399280e-01,4.943939745426177423e-01,4.910362958908080500e-01,4.768720865249584939e-01,4.742905497550963800e-01,4.329726397991179865e-01,3.927066028118132435e-01,4.176335930824279230e-01,3.979387283325194202e-01,3.603516221046446644e-01,3.733959496021270197e-01,4.172730445861815296e-01,4.636804759502410334e-01,4.583110809326170765e-01,4.773104786872862659e-01,4.827774763107298694e-01,5.522389411926268421e-01,4.190122485160826526e-01,3.023811578750609796e-01,3.271728456020354669e-01,2.805272638797759455e-01,1.533776223659515103e-01,1.852535754442214411e-01,2.212167531251907071e-01,3.031100630760192316e-01,3.410367667675017200e-01,3.701194524765013538e-01,3.356678783893584095e-01,3.367269635200499378e-01,3.762554824352263849e-01,4.011214375495909534e-01,4.642606079578398548e-01,3.809378445148466907e-01,4.572575688362121027e-01,4.255509078502654474e-01,4.198672473430632990e-01,4.174940884113311212e-01,5.130442976951598011e-01,5.724427700042723499e-01,5.187868475914000355e-01,4.576868116855620783e-01,3.989681303501128040e-01,4.506004154682158314e-01,4.761839807033538263e-01,4.732455611228941761e-01,4.585857987403868519e-01,4.388283193111419123e-01,3.640223741531371515e-01,0.000000000000000000e+00,0.000000000000000000e+00,0.000000000000000000e+00,0.000000000000000000e+00,0.000000000000000000e+00,0.000000000000000000e+00,0.000000000000000000e+00,0.000000000000000000e+00,0.000000000000000000e+00,0.000000000000000000e+00,0.000000000000000000e+00
4.374355969466066640e-01,4.779682159423827570e-01,4.673233926296233576e-01,4.684167504310606800e-01,4.200129806995391291e-01,3.667018711566923939e-01,3.455899357795714222e-01,3.818445801734923761e-01,3.811567425727843128e-01,3.878858089447020929e-01,4.083721935749053400e-01,4.849077463150023859e-01,4.550533890724181019e-01,4.557788968086241566e-01,4.652752876281737171e-01,4.878084659576415461e-01,4.983662962913512073e-01,4.421192407608031671e-01,3.385778069496153675e-01,3.189454376697539728e-01,4.183875620365142267e-01,2.404482215642928800e-01,2.850645780563353937e-01,3.343817591667174183e-01,3.237182199954986017e-01,3.582480251789091907e-01,3.786828219890593372e-01,3.512241542339323841e-01,3.367050886154174250e-01,3.914862275123595636e-01,3.849232196807860218e-01,3.626597225666045032e-01,3.746193647384643000e-01,4.088034033775329035e-01,4.146539866924284778e-01,4.032077491283416193e-01,4.520148336887358509e-01,5.134562849998473011e-01,5.665917992591856800e-01,4.332010447978972834e-01,4.390343427658079944e-01,5.243960022926329456e-01,4.477906525135039728e-01,4.492105841636657160e-01,3.967576920986174982e-01,4.049043953418731134e-01,4.034717381000518244e-01,3.462130427360533558e-01,0.000000000000000000e+00,0.000000000000000000e+00,0.000000000000000000e+00,0.000000000000000000e+00,0.000000000000000000e+00,0.000000000000000000e+00,0.000000000000000000e+00,0.000000000000000000e+00,0.000000000000000000e+00,0.000000000000000000e+00,0.000000000000000000e+00
4.107640385627745472e-01,4.556724131107329767e-01,4.467136561870573841e-01,4.472228884696959894e-01,3.952312469482420765e-01,3.331520259380340021e-01,3.266784548759459894e-01,3.842562139034270685e-01,4.037967920303343616e-01,4.042156040668486994e-01,4.075231254100798450e-01,4.474693834781645618e-01,4.378841817378996693e-01,4.261239171028136652e-01,4.586572647094725452e-01,4.894185960292815052e-01,5.101985335350035511e-01,4.801966249942778431e-01,3.947337269783019464e-01,2.928720414638518732e-01,3.850895464420318048e-01,2.778110206127166193e-01,3.425675630569456898e-01,3.590033352375029962e-01,3.499689102172850452e-01,3.792370259761809193e-01,3.988638520240783136e-01,3.657390773296355091e-01,3.568125665187834583e-01,3.786333501338957630e-01,3.705882132053374134e-01,3.689306378364561878e-01,3.680596649646757923e-01,3.932170569896696888e-01,4.016798436641692560e-01,4.371076822280883234e-01,4.399735927581785999e-01,5.069482922554015003e-01,4.678398668766020618e-01,3.887811303138731800e-01,4.682738780975340687e-01,5.418440699577330433e-01,4.171442389488219105e-01,4.212717711925506037e-01,3.246531486511229914e-01,2.585893571376799982e-01,2.600028514862059992e-01,2.998825907707213800e-01,0.000000000000000000e+00,0.000000000000000000e+00,0.000000000000000000e+00,0.000000000000000000e+00,0.000000000000000000e+00,0.000000000000000000e+00,0.000000000000000000e+00,0.000000000000000000e+00,0.000000000000000000e+00,0.000000000000000000e+00,0.000000000000000000e+00
4.059410989284514826e-01,4.459044337272643488e-01,4.085769057273864191e-01,4.043137133121489368e-01,3.631547093391417902e-01,3.259304463863372248e-01,3.609559237956999622e-01,4.087232649326323908e-01,4.000670611858366810e-01,3.941672742366789661e-01,4.131755828857421320e-01,4.386150538921355091e-01,4.512144327163695734e-01,4.727111160755156360e-01,4.628863930702208362e-01,4.788611531257628284e-01,4.923205673694609485e-01,5.115566849708556019e-01,4.298562705516814630e-01,3.845200240612028919e-01,3.747529387474058948e-01,2.793801128864287775e-01,3.553924858570098322e-01,3.468045592308043323e-01,3.539054095745086115e-01,3.991000354290007990e-01,3.889975845813750666e-01,3.783260285854338489e-01,3.605785369873045765e-01,3.685550987720488392e-01,3.938415646553038441e-01,3.641700744628905695e-01,3.935885131359099787e-01,3.908627033233642023e-01,3.935835659503935657e-01,4.115691781044005237e-01,4.083748757839202326e-01,4.346984028816222034e-01,3.864191174507140003e-01,4.539741575717925470e-01,4.687083065509795032e-01,4.531643986701964222e-01,3.498918712139129084e-01,3.425402939319609485e-01,2.448280602693557462e-01,1.818590164184569757e-01,2.840718030929564875e-01,3.157424926757811945e-01,0.000000000000000000e+00,0.000000000000000000e+00,0.000000000000000000e+00,0.000000000000000000e+00,0.000000000000000000e+00,0.000000000000000000e+00,0.000000000000000000e+00,0.000000000000000000e+00,0.000000000000000000e+00,0.000000000000000000e+00,0.000000000000000000e+00
3.828118741512297474e-01,4.440715909004210316e-01,3.906011581420897882e-01,3.469066023826598566e-01,3.201624155044555109e-01,3.313381075859069269e-01,3.991236686706541859e-01,3.696070015430449884e-01,3.734055161476134699e-01,3.974634706974028431e-01,4.369360208511351984e-01,4.714942872524260919e-01,5.344479680061339222e-01,5.182218551635741077e-01,5.013294219970702015e-01,5.105754137039183460e-01,5.066178441047667347e-01,5.191991329193114124e-01,4.725694060325621448e-01,4.304412901401518665e-01,4.390680193901060901e-01,2.730743288993834894e-01,3.465909361839293323e-01,3.663522601127623401e-01,3.786156177520750843e-01,4.089817106723784290e-01,3.925825059413908802e-01,3.967940211296080988e-01,4.224930703639983576e-01,4.100936055183409534e-01,3.835643529891966663e-01,2.783183157443999689e-01,3.049775063991546076e-01,3.391592204570769709e-01,3.659691214561461847e-01,3.604571521282195490e-01,3.162353336811065119e-01,3.558971881866453968e-01,4.106132388114928089e-01,4.252715408802031360e-01,3.698836565017699640e-01,3.286399245262145441e-01,3.271612823009490412e-01,2.920939922332763117e-01,1.888078749179839533e-01,2.023132890462874811e-01,2.680627107620238703e-01,3.236078023910521906e-01,0.000000000000000000e+00,0.000000000000000000e+00,0.000000000000000000e+00,0.000000000000000000e+00,0.000000000000000000e+00,0.000000000000000000e+00,0.000000000000000000e+00,0.000000000000000000e+00,0.000000000000000000e+00,0.000000000000000000e+00,0.000000000000000000e+00
3.501284718513487659e-01,3.890810310840605579e-01,3.927825987339018665e-01,3.001714646816253107e-01,2.920995950698851984e-01,3.424562215805052601e-01,4.258511066436766468e-01,3.729770779609679621e-01,3.815408647060393177e-01,4.524209499359129749e-01,4.617889523506163996e-01,4.898878633975982111e-01,5.594298839569090687e-01,5.269951820373534046e-01,5.105060338973997913e-01,4.992342591285704456e-01,4.933161437511442982e-01,5.088663101196287952e-01,5.260833501815794788e-01,5.093992352485655628e-01,4.698636829853057306e-01,2.876563966274260919e-01,3.664748966693877619e-01,3.640344440937041126e-01,4.001840651035307728e-01,4.158565998077391468e-01,4.292520582675932728e-01,4.357467591762541614e-01,4.338546395301817737e-01,4.034861624240874689e-01,3.884599804878233753e-01,2.457249909639358243e-01,3.358279764652251087e-01,3.102142512798308771e-01,2.858665287494658869e-01,3.066209554672240656e-01,2.703269422054290216e-01,3.286293148994445246e-01,3.660013079643248401e-01,3.348928391933440052e-01,3.104608356952666681e-01,3.017399907112121027e-01,2.903045713901519220e-01,2.638379633426665705e-01,2.184192389249801358e-01,2.517761290073394220e-01,2.985086441040038507e-01,3.470411300659179132e-01,0.000000000000000000e+00,0.000000000000000000e+00,0.000000000000000000e+00,0.000000000000000000e+00,0.000000000000000000e+00,0.000000000000000000e+00,0.000000000000000000e+00,0.000000000000000000e+00,0.000000000000000000e+00,0.000000000000000000e+00,0.000000000000000000e+00
2.436163574457168302e-01,3.224410414695739191e-01,3.501828610897063654e-01,2.739576101303100031e-01,2.700929641723540664e-01,3.610660135746001087e-01,4.282582700252531849e-01,3.502188026905058704e-01,3.954004645347594660e-01,4.653831124305723987e-01,4.812506028498225730e-01,5.087395568774784049e-01,5.550714731216429554e-01,5.335890054702757679e-01,4.945694506168364923e-01,4.829000234603880726e-01,4.825525879859923761e-01,4.825379848480223499e-01,4.886229634284972034e-01,4.835842549800871693e-01,4.776947200298308216e-01,3.540261387825011097e-01,3.884592950344084583e-01,3.831477165222166859e-01,4.179785251617431086e-01,4.058548510074614368e-01,4.305661320686339222e-01,4.307266175746917169e-01,4.282060563564299982e-01,3.831996619701384943e-01,3.804164826869964044e-01,2.563288211822509211e-01,2.652445435523986261e-01,2.148632854223250788e-01,2.272652089595794400e-01,2.283063232898711603e-01,2.539128959178924005e-01,3.359726667404173694e-01,3.199747502803801935e-01,2.992170155048369806e-01,2.989743351936339777e-01,3.281418085098266046e-01,2.833624184131621759e-01,2.731102108955382746e-01,3.078572452068328302e-01,3.479504883289336048e-01,3.435359597206115168e-01,4.078513383865355890e-01,0.000000000000000000e+00,0.000000000000000000e+00,0.000000000000000000e+00,0.000000000000000000e+00,0.000000000000000000e+00,0.000000000000000000e+00,0.000000000000000000e+00,0.000000000000000000e+00,0.000000000000000000e+00,0.000000000000000000e+00,0.000000000000000000e+00
1.527816802263259610e-01,2.094599455595015924e-01,2.662898004055022638e-01,2.136449962854385098e-01,2.554849088191985529e-01,3.036685287952422541e-01,3.229028582572936457e-01,3.686088025569914661e-01,4.273592531681060236e-01,4.795348346233366810e-01,4.914365112781523548e-01,5.080947875976561390e-01,5.632613301277159534e-01,5.252541303634642444e-01,4.900220334529875599e-01,4.841703772544860285e-01,4.734132587909697376e-01,4.629784524440764826e-01,4.641162753105162464e-01,4.804978072643278919e-01,4.643951356410979669e-01,3.728251755237578235e-01,3.687698841094970148e-01,3.849776387214659534e-01,4.101148545742034357e-01,3.937028944492339533e-01,4.148488640785216730e-01,4.208112657070159357e-01,4.102479517459868830e-01,3.501249551773070734e-01,2.921394407749175470e-01,2.560605704784392755e-01,3.141957223415374201e-01,2.835229635238646906e-01,3.048107922077178400e-01,2.867633402347564142e-01,3.104145228862761896e-01,3.242859542369841974e-01,3.359353840351104181e-01,3.065453469753264826e-01,3.222212493419646662e-01,3.255662024021148127e-01,3.047758936882018488e-01,3.018042445182799738e-01,3.238745033740996759e-01,3.752642571926116388e-01,3.856312632560729425e-01,4.184651672840117853e-01,0.000000000000000000e+00,0.000000000000000000e+00,0.000000000000000000e+00,0.000000000000000000e+00,0.000000000000000000e+00,0.000000000000000000e+00,0.000000000000000000e+00,0.000000000000000000e+00,0.000000000000000000e+00,0.000000000000000000e+00,0.000000000000000000e+00
2.405476123094500984e-01,2.696095705032348078e-01,2.064588367938995084e-01,1.924088150262832086e-01,2.430075258016586026e-01,2.986496686935424250e-01,3.278838992118834894e-01,4.074902236461638849e-01,4.462457895278929554e-01,4.952158331871032160e-01,5.077704191207884632e-01,5.031996965408324085e-01,5.359066128730772816e-01,5.307610630989073597e-01,4.876186251640318714e-01,4.724995791912077747e-01,4.745973050594328724e-01,4.725209176540373646e-01,4.667429625988005482e-01,4.759394228458403986e-01,4.489608705043792169e-01,3.740492463111876331e-01,3.799141347408293568e-01,4.054845571517943226e-01,3.853183090686797541e-01,3.668248653411864124e-01,3.847022652626036487e-01,3.580776751041411798e-01,3.945874571800230823e-01,3.784430027008056086e-01,2.455249726772307794e-01,2.428213804960250577e-01,3.397044241428374134e-01,3.053352832794188898e-01,3.004575371742247980e-01,3.395555019378660999e-01,3.608944714069365345e-01,3.478951156139373224e-01,3.614989817142485462e-01,3.582359850406646173e-01,4.013174772262572132e-01,3.859432935714721125e-01,3.303842544555663507e-01,4.041736721992492121e-01,4.166480004787444513e-01,3.970493376255034290e-01,4.277347922325133722e-01,4.286767244338988148e-01,0.000000000000000000e+00,0.000000000000000000e+00,0.000000000000000000e+00,0.000000000000000000e+00,0.000000000000000000e+00,0.000000000000000000e+00,0.000000000000000000e+00,0.000000000000000000e+00,0.000000000000000000e+00,0.000000000000000000e+00,0.000000000000000000e+00
3.304523825645446222e-01,3.159670531749724787e-01,2.919170856475829523e-01,2.781408131122588556e-01,2.550585865974425714e-01,2.039666473865508756e-01,2.388034611940383356e-01,3.644446432590484064e-01,4.486080408096312366e-01,4.871942996978759211e-01,4.419109821319579523e-01,4.811468422412871759e-01,5.217704176902769886e-01,5.428385138511656605e-01,5.642556548118590198e-01,4.670384228229522150e-01,4.780534803867339533e-01,5.292569994926451526e-01,5.269900560379027210e-01,5.127158164978026234e-01,4.753787517547606867e-01,4.487613439559935968e-01,3.829671442508696955e-01,3.814741075038909357e-01,3.694075345993041437e-01,3.516483604907988947e-01,3.668925166130064808e-01,3.398499190807341974e-01,2.205552756786346158e-01,2.778389155864715021e-01,1.529205292463302335e-01,1.896138936281203669e-01,2.685174345970153253e-01,3.281272649765014093e-01,3.727544248104094904e-01,3.988519012928008478e-01,4.016293883323668323e-01,2.757574021816253107e-01,2.599956989288329523e-01,2.791988551616668146e-01,2.513578534126281183e-01,2.615920305252074640e-01,3.528740406036376398e-01,4.092118144035338245e-01,4.161622524261474054e-01,4.149847328662871204e-01,4.137986898422240656e-01,4.176083803176879328e-01,0.000000000000000000e+00,0.000000000000000000e+00,0.000000000000000000e+00,0.000000000000000000e+00,0.000000000000000000e+00,0.000000000000000000e+00,0.000000000000000000e+00,0.000000000000000000e+00,0.000000000000000000e+00,0.000000000000000000e+00,0.000000000000000000e+00
3.986958563327788196e-01,3.442266285419463001e-01,3.230588436126708429e-01,3.650127351284025989e-01,3.381029665470122736e-01,2.468165457248687189e-01,2.917068004608153742e-01,2.913571298122405451e-01,3.357743322849272571e-01,3.702592849731444202e-01,3.674650490283964954e-01,4.777065515518187921e-01,5.191700458526610218e-01,5.070614814758299671e-01,4.334985613822935901e-01,4.401594698429106556e-01,5.530731678009032093e-01,5.297736525535582386e-01,5.294516682624815784e-01,4.928873479366301935e-01,4.704209864139556330e-01,4.420280158519743763e-01,3.874123692512511652e-01,2.820003926753997248e-01,3.422980308532713734e-01,2.651718556880950373e-01,3.065037131309508722e-01,2.750265300273894709e-01,2.096710652112960260e-01,1.964136362075805109e-01,1.646618694067001065e-01,2.789194583892821711e-01,3.314504623413085382e-01,3.568040430545806330e-01,3.222019076347350519e-01,2.815774381160735529e-01,2.890364527702330988e-01,2.451575398445129117e-01,2.176477909088134211e-01,2.241532802581786554e-01,2.025256156921386441e-01,2.807393074035643976e-01,3.135940432548522394e-01,3.825022876262663685e-01,3.397612869739531916e-01,3.907765448093413196e-01,3.593479394912718616e-01,4.375600218772887073e-01,0.000000000000000000e+00,0.000000000000000000e+00,0.000000000000000000e+00,0.000000000000000000e+00,0.000000000000000000e+00,0.000000000000000000e+00,0.000000000000000000e+00,0.000000000000000000e+00,0.000000000000000000e+00,0.000000000000000000e+00,0.000000000000000000e+00
4.316723110257255636e-01,4.165823161602019153e-01,4.072457551956176203e-01,4.657126963138579767e-01,3.706479668617247980e-01,2.590222060680388849e-01,2.670364677906035822e-01,2.554423809051513117e-01,3.034341335296630304e-01,3.150672614574431818e-01,3.380636870861052912e-01,3.486448824405669056e-01,4.407347440719603382e-01,3.731331825256347101e-01,4.330990612506865900e-01,5.210855007171629749e-01,5.562957525253294788e-01,5.287467241287230335e-01,5.279936790466307484e-01,4.881824254989623468e-01,4.024107158184050403e-01,4.142242968082426868e-01,3.886671662330626886e-01,2.394924163818358820e-01,2.762985527515410822e-01,2.265642583370208463e-01,1.686496287584304532e-01,1.754623353481292169e-01,1.546588987112045011e-01,1.253087967634200772e-01,1.904526352882384976e-01,2.938813269138335627e-01,2.907347977161406916e-01,2.109120786190032404e-01,2.277914881706237515e-01,2.357477694749831598e-01,2.501837909221648615e-01,1.907624900341033658e-01,1.688961684703826627e-01,1.695273667573928555e-01,1.766799092292785089e-01,2.015493065118789395e-01,2.389739900827407559e-01,2.785272300243377130e-01,3.247311711311339777e-01,3.824744820594787043e-01,3.320307433605193537e-01,4.318664968013762873e-01,0.000000000000000000e+00,0.000000000000000000e+00,0.000000000000000000e+00,0.000000000000000000e+00,0.000000000000000000e+00,0.000000000000000000e+00,0.000000000000000000e+00,0.000000000000000000e+00,0.000000000000000000e+00,0.000000000000000000e+00,0.000000000000000000e+00
4.369710385799406849e-01,4.863187372684478205e-01,4.757942259309694277e-01,4.184065163135528009e-01,3.365463912487028919e-01,2.417721599340438288e-01,2.535481154918670099e-01,1.895259618759154718e-01,2.580578327178954523e-01,2.580337524414061945e-01,2.891376018524169367e-01,2.880806028842925470e-01,3.566055893898009144e-01,3.523909747600554310e-01,4.534898102283476673e-01,5.598438978195189319e-01,5.627340674400328480e-01,5.338359475135802112e-01,5.323332548141478382e-01,4.974367916584013782e-01,3.719221949577330433e-01,3.255936801433562677e-01,3.217712342739104669e-01,2.095849961042403897e-01,1.900638490915297907e-01,1.015057936310767989e-01,1.108544617891311507e-01,1.787500977516174039e-01,2.090301066637038629e-01,1.267962008714675626e-01,1.359085142612456998e-01,1.835514754056930264e-01,1.575898975133895596e-01,1.179079189896583418e-01,1.334062814712524137e-01,1.360746473073959073e-01,1.531217545270919522e-01,1.257707774639129361e-01,1.543788313865661344e-01,1.792854070663451593e-01,2.457058280706405085e-01,2.743454575538634699e-01,3.440838456153869074e-01,3.692028522491454523e-01,3.353032469749450128e-01,2.438717931509017389e-01,2.760849893093108576e-01,3.588143587112425648e-01,0.000000000000000000e+00,0.000000000000000000e+00,0.000000000000000000e+00,0.000000000000000000e+00,0.000000000000000000e+00,0.000000000000000000e+00,0.000000000000000000e+00,0.000000000000000000e+00,0.000000000000000000e+00,0.000000000000000000e+00,0.000000000000000000e+00
4.718009829521178089e-01,5.103673338890074573e-01,4.953526854515074573e-01,4.402945935726165216e-01,3.440952301025390070e-01,3.385237753391265314e-01,3.173251450061797541e-01,2.087525129318237027e-01,2.093211561441421231e-01,2.401473075151443204e-01,2.497455179691314142e-01,2.357503920793532770e-01,3.140116930007934015e-01,3.444325625896453302e-01,4.039687812328338068e-01,5.257436037063597523e-01,5.731337666511534534e-01,4.698211550712584339e-01,4.887040555477141224e-01,4.175340235233305775e-01,3.608739078044890802e-01,3.072486221790313166e-01,2.486935555934905728e-01,2.052643895149230679e-01,1.154558807611465177e-01,3.173518180847167275e-02,9.801624715328213777e-02,2.113521993160247525e-01,3.813395798206328235e-01,2.774192094802855890e-01,1.911972761154174250e-01,2.386408746242522916e-01,2.087669819593429288e-01,2.079695463180541437e-01,2.039102464914321622e-01,1.159442886710166792e-01,1.399479210376739224e-01,1.529641747474670133e-01,1.886679530143737238e-01,2.237311601638793390e-01,2.778462469577788752e-01,2.672722935676574152e-01,3.207868933677672785e-01,2.591909766197204035e-01,2.431716322898864469e-01,2.836217582225799005e-01,3.538738191127776544e-01,3.876890838146208607e-01,0.000000000000000000e+00,0.000000000000000000e+00,0.000000000000000000e+00,0.000000000000000000e+00,0.000000000000000000e+00,0.000000000000000000e+00,0.000000000000000000e+00,0.000000000000000000e+00,0.000000000000000000e+00,0.000000000000000000e+00,0.000000000000000000e+00
